id,name,price,guestCount,checkInOn,checkOutOn,statusNum
16HATkrH398pmixtKxBUEi25krx1VJyUQN,"Jakubowski, Hermiston and Nicolas",$3779.91,2,23-01-2023,26-01-2023,Booked
16ovymxEK5cHKnUTHPXZeqJrU7ERsFZK5g,Sporer Inc,$6979.84,5,01-08-2022,07-08-2022,Cancelled
1B62xDqL3ufvxCCmrdQDjUAHvHVTWdgLTa,"Russel, Lebsack and Runolfsson",$6890.90,2,09-09-2022,11-09-2022,Booked
1FRBAF7hkVr2zabm1vzNqe7YeEq1EyxU5R,Miller and Sons,$3404.09,1,09-04-2023,16-04-2023,Confirmed
1HMgN5qUAboFSj7QeeuGR4Acm3vUCtxfF,"Mohr, Kovacek and Friesen",$4363.59,1,22-09-2022,29-09-2022,Confirmed
124nADMjXsgf3V6vyVURYKAGxrMpgYDd7N,Halvorson Inc,$9865.06,1,21-09-2022,26-09-2022,Confirmed
1KKpekFMg59VM6GFX894u53GxspjvasFJH,"Fahey, Kemmer and Shields",$7373.52,5,10-09-2022,11-09-2022,Cancelled
1LCMj8b9m1kmCvWqGCutGzuB9gFfaMKaoJ,Wilkinson LLC,$4514.09,1,03-11-2022,08-11-2022,Confirmed
1KMcEiPZpN2zXomHAkL2PuJQd567EBEz5R,Abshire LLC,$2415.36,3,21-08-2022,26-08-2022,Booked
1yyEAKYnJpon42aKhwejEQzPEMNAY94GA,"Cummerata, Ferry and Dickinson",$8465.14,1,18-11-2022,25-11-2022,Confirmed
112RDsQVoc8FXexzWnKcWhaAU7wVfZSCZj,Lehner-Kerluke,$3874.40,1,29-07-2022,31-07-2022,Confirmed
1DFkPkCGWPFiFF5F8Go8Xrfan38PvzN8tf,Cremin Group,$5690.91,1,18-07-2022,25-07-2022,Confirmed
1PSd8yEgo2pEHpNv4pWAvEzqvuEtD8PcWA,"Vandervort, Lockman and Hegmann",$7384.89,4,03-03-2023,05-03-2023,Booked
1A4e7tqdhKwMg6RaAoqZ6e8RKt5bUTbh6y,Murazik-Roob,$853.91,1,11-05-2023,15-05-2023,Confirmed
1DSSD8izt2qG2dbDzo3VN7Vmn6pw22SDdT,Auer Group,$8538.53,1,26-08-2022,01-09-2022,Confirmed
1FTm6nkBkVp8xsikyZrNKzgBKJbnncaHBz,Wolff-Aufderhar,$8239.49,1,06-10-2022,09-10-2022,Confirmed
1CVz3L9BFNRHi8mG9YMTdjjQ8ZR7xjx94i,Stiedemann-Mayer,$7393.44,5,06-09-2022,13-09-2022,Cancelled
1LxeMsWVw88H6LjEtSoUd1SAv96ZTGoXwT,Kertzmann LLC,$1673.19,3,14-12-2022,19-12-2022,Booked
19Sdiwtgr6rimMtPbE1cT6aUnHxyTrj6Fp,King and Sons,$3785.62,3,07-05-2023,13-05-2023,Booked
14GTzoJrDc1NyMNz3VpPe1cq2AFeUYmGZ9,Heathcote-Osinski,$6904.52,4,08-03-2023,14-03-2023,Booked
1ADGF8jxNQ7rouwL6d2b1pxEZS6qJGDU1s,"Jacobson, O'Connell and Ondricka",$2914.99,3,29-12-2022,05-01-2023,Booked
15mJ7fabwAZcbB7qdxvXnfJw2sW2sG9p95,"Marquardt, Bergnaum and Botsford",$2398.10,1,14-02-2023,17-02-2023,Confirmed
127RpzWdobiiED2ZNQNyaS5qwyyeeBUdRB,Huels LLC,$457.89,1,19-01-2023,21-01-2023,Confirmed
189SP2WHq6Ay5iKJmeqGjXoQzitGju6AGn,Keeling-Erdman,$6384.18,2,18-01-2023,21-01-2023,Booked
19FQ4aCFkrdABsqEE1RmbZDtrVXoeTb1YV,"Zemlak, Schmitt and Weissnat",$2687.94,4,09-05-2023,15-05-2023,Booked
1MMcpZTvdVh4n5yeV1A64CHoEnDCF9XDZC,Pfannerstill Group,$3172.80,1,14-11-2022,21-11-2022,Confirmed
16L7V7j3uSmiEhZnq3HAMsgTvEfewB14uX,Turcotte Inc,$6714.77,2,26-01-2023,30-01-2023,Booked
1PhpAv7EtyB6UHaAyefVrHcJbssjNfBJc3,Hamill-O'Reilly,$2041.35,5,06-04-2023,07-04-2023,Cancelled
1ELN66BWXLd7ZMjSRBRkCMvUTrTjTc4vkF,Jenkins and Sons,$9599.28,4,19-12-2022,22-12-2022,Booked
112pbcTqK1q8FQ5fNbFrpV4Sx3fNpSGFDx,Kautzer Group,$1101.65,2,07-11-2022,14-11-2022,Booked
1AcnuJD7tcFoFi2FGvEFH9MHn6miirfF2q,Hermiston-O'Reilly,$8942.99,5,19-01-2023,21-01-2023,Cancelled
183yJ1tV8eGVEZjsCFXuCaz85Uh6LJ7pmk,Mraz and Sons,$445.70,3,13-02-2023,19-02-2023,Booked
1AiPLNmh994ttscNakTM6JmYKA6bfNFAdo,"Kovacek, Kub and Cole",$7526.88,2,12-06-2023,18-06-2023,Booked
16g2e4GMek6uwfhCLCqv6GoU9wFZXuC9Ci,King Group,$8592.02,3,31-01-2023,01-02-2023,Booked
1aAkt5NwzpjLSU7au4BThRwcUfgyfQjgQ,Weissnat and Sons,$4061.54,4,14-12-2022,20-12-2022,Booked
16xh8cNUKJpqcgtmMVvB93ocbefQdtFuKx,Bashirian-Von,$762.68,5,08-10-2022,14-10-2022,Cancelled
1KKUMueHapfXKwoMrt5fRBV2Nwo7XZg9VY,McCullough Inc,$4246.01,1,13-05-2023,20-05-2023,Confirmed
1AWCRPMLUBtjcUuJzahtexaXkMqTJojiU3,Fisher-Green,$7874.12,4,25-03-2023,29-03-2023,Booked
1LSWY4528wDYjUENUY8PBYHDG43cBgyDdn,"Huels, Davis and Dickens",$4420.50,3,11-07-2022,12-07-2022,Booked
1Lm4KXEssGi2ihi8KbGHS4kWtspmmGrMzk,Waters Group,$2174.10,4,17-09-2022,18-09-2022,Booked
1Nnzsgg53Jgo7UbHKZFj2sZHfQuPwxGVbG,Skiles-Hamill,$1328.70,4,27-03-2023,02-04-2023,Booked
1HAKNQJS4v71pWoz3sAEkoaDUeDXGuCzb9,"Lindgren, Will and Schinner",$8868.48,4,13-11-2022,17-11-2022,Booked
1HjGrkmSsdryt7P8TtXiLEENV52tAoV4cQ,"Collins, Streich and Bernier",$4266.71,4,12-11-2022,13-11-2022,Booked
1Fg3kXJ2wTypYK92DHKU8oELghM5g29Ejd,"Hackett, Harvey and Toy",$416.31,4,03-05-2023,10-05-2023,Booked
1Hwhc8UNtGWUVnQuMRQzpNwmYV8VNGBFnB,Erdman-Herman,$6742.85,4,27-05-2023,30-05-2023,Booked
1M1EwmbANwXvwphsFmKMPwdEtfmuaqXebs,Hayes-Runolfsson,$8357.37,2,29-03-2023,01-04-2023,Booked
1CASAoDEvuQ2hudHs9oFqe3D6EVdX6yiwp,"Hauck, Kiehn and Kilback",$5299.27,4,27-06-2022,03-07-2022,Booked
18iJo5xC4viH88QySFUGd2TwzpgiZXQFsk,Rau LLC,$2253.88,2,24-09-2022,27-09-2022,Booked
15AFKNCXLduu9HetF87FXVdqnc8rgJRakQ,"Wiza, King and Dietrich",$3943.56,1,18-09-2022,24-09-2022,Confirmed
1PtkDSsHfFYyUD5ej4bptP1g7aHpaQ38HM,"Dickinson, Huels and Vandervort",$4039.05,5,20-06-2022,22-06-2022,Cancelled
1EZrgLQpM7uwnwpMtgrqJUmnfDHQM3cnBV,"Mraz, Lakin and Schuster",$6361.84,5,23-03-2023,28-03-2023,Cancelled
1F7LtzkuN8qkm8fFma27ALPTtdLTcFyWL7,Kuhlman-Lind,$9907.46,2,15-06-2022,20-06-2022,Booked
1MAXbDTXoMennhRevCwuQGftCBUsWjh4s9,Koelpin and Sons,$909.95,5,17-09-2022,19-09-2022,Cancelled
15o1hjWL7xD96KyfwdAnUnogTgen79GyAT,Kertzmann Group,$4773.04,3,15-02-2023,16-02-2023,Booked
17VEStfzC5u5CRgv224jdrMvhPzMcfwpo3,"Cummings, Volkman and Hamill",$628.96,1,18-04-2023,20-04-2023,Confirmed
13nbAs93QF8qoLSCGG4G1TmaS39qB68yL8,Fahey-Langosh,$1120.75,4,04-02-2023,11-02-2023,Booked
1KzE91Vrk6eRkLvHCs9jqNCpqDoL3pfwhk,Crooks LLC,$1538.09,2,10-04-2023,11-04-2023,Booked
1BHVFjz3tg2cAn9xfnJBbErVszbErTRKzd,Muller Group,$9324.46,4,30-07-2022,01-08-2022,Booked
1PKWPUbcz4jF5gqUxUAYf9YKZzWKtW3vGZ,Miller LLC,$441.35,2,28-03-2023,04-04-2023,Booked
1HRB7CRpRCVpC58TFi8QxiXKJu4QopwGCV,"Klocko, Schimmel and Wolff",$5244.05,3,28-08-2022,01-09-2022,Booked
177ysfK5KAUgKoa8F8YJJjTELtvKBiFytD,"Pouros, Turcotte and Treutel",$9905.18,5,29-03-2023,31-03-2023,Cancelled
1ySLrTPQ5Ti8YqRfANCExhHHoFJh6gzs1,"Beier, Bins and D'Amore",$2095.70,2,12-04-2023,16-04-2023,Booked
1G7j4wZpUPEJAwRqQtqCs1ANW4sBZzXHum,Armstrong-Feest,$8108.82,4,21-05-2023,23-05-2023,Booked
1KBmzDv7hQo2ashHvdnckfpn8QAAZDqKW9,Waters-Schaden,$6152.34,5,04-12-2022,11-12-2022,Cancelled
168WQazzohN6kLbGSh9AJEetppwC9Pvxac,Funk and Sons,$8159.52,2,01-05-2023,05-05-2023,Booked
12TbMRMaVUwceaXgZEh2VaWhbuwrS7kb1V,"Monahan, Graham and Leffler",$9117.99,1,06-01-2023,12-01-2023,Confirmed
1JNtNLpAKbxuBLVDBUGUqDwuVJtq1UVFX2,Collins-Nicolas,$2311.78,4,21-01-2023,24-01-2023,Booked
1J1XwqpMnMfEiHKNoXMCqtAnKJ357Raake,Kunde-Carroll,$8361.24,5,02-07-2022,04-07-2022,Cancelled
1FRetepx897zp2oTaewmzzexjjTLQ5sanF,"Walter, Hagenes and Bins",$6664.61,1,09-10-2022,15-10-2022,Confirmed
13bGvV4DLTWrJKAXCJrdfx24T1PwZqUE5c,Bechtelar-Schuppe,$5642.72,3,19-07-2022,21-07-2022,Booked
18cipzkU6vSsjFkjwyqR2NTqeRvspqBPfB,Cruickshank LLC,$1448.81,5,03-06-2023,07-06-2023,Cancelled
1BiSyCgMjqv7aGjRm6dxeviceH6mNpQ5yn,Moen Inc,$4436.26,1,07-02-2023,11-02-2023,Confirmed
1MgnSSQyop9yD947WncrjYDRnFQaBEb1ja,"Stokes, Goldner and Kuvalis",$1814.35,2,05-12-2022,08-12-2022,Booked
161dpatoQCp4SUeuodujWf8yG3reprieUf,Langosh LLC,$2499.59,3,27-04-2023,02-05-2023,Booked
18y4BiTfSimgxiLsSvy8KbiWxZk1jwkDaa,Swift Inc,$4836.45,4,29-03-2023,03-04-2023,Booked
1PUDfPZNmiwRUMjZTJo2FQBbU4GT2zDACY,Quigley-Anderson,$291.46,1,22-10-2022,29-10-2022,Confirmed
1CKG4uApLQ2cpphk7cxVHwma9bcCZsbcGj,Weissnat LLC,$9647.30,5,24-05-2023,26-05-2023,Cancelled
1HW3GVeASCQhXNQd7aLp3gz9LkB67VHTU8,Murphy LLC,$200.56,4,19-04-2023,22-04-2023,Booked
13YJ4i1VEYvA72S4y2VBQoZxQodaPhdTBf,Ziemann-Goldner,$5089.15,4,02-02-2023,04-02-2023,Booked
1Jh2zuMeTqUSE7Fv4QU14jxtPmuewh4vkU,"Daugherty, Borer and Huels",$7707.92,3,10-02-2023,11-02-2023,Booked
18p3vStZshqzrnEzSXHi5yRiNodT2KRtDg,Douglas-Collins,$4612.94,1,02-07-2022,04-07-2022,Confirmed
19fuPW12t2uWMr6XNPWVbRUtuM28svWG1d,McLaughlin-Stark,$4405.25,4,25-07-2022,26-07-2022,Booked
1DAzdhPDxxCiYCNFCmdajTPoHVHFdyKk6d,"Strosin, Predovic and Strosin",$9238.22,5,14-05-2023,19-05-2023,Cancelled
1Q8oQnt15r7Fhvu229fyZ6fpoBQVzGz6sz,Farrell Group,$1212.06,3,01-09-2022,03-09-2022,Booked
1Hd2BBbVczXnoXSsK1xGsqKKhULeXNaJMR,Skiles Group,$2354.05,5,05-03-2023,07-03-2023,Cancelled
12GQhTFTfBkDAj7VwhyejgsdrTdFyRmzqh,Quigley-Hackett,$8064.81,2,11-05-2023,13-05-2023,Booked
13RpdjZCobYk6yDUC9Z7A6mxCZbmFrrJq4,Lehner and Sons,$9106.36,2,28-04-2023,05-05-2023,Booked
12UMDycqk3s5wLdvMfhZe7FQ7gaJL8RSXu,Kutch-Schiller,$7996.07,2,07-01-2023,12-01-2023,Booked
15ZotJZxBcbBxJuLkoiXA8Ugp9gH9uXWrh,"Terry, Gulgowski and Oberbrunner",$9916.23,4,18-02-2023,25-02-2023,Booked
1GKPLtB6r1qo6kLh9kwXQm6cuyx1Qj9qPx,"Ebert, Dickinson and Sanford",$5387.65,4,16-06-2022,17-06-2022,Booked
1Q9i6SAyFT5vYuATHM17HHnW1PWKKDJkr,Langosh and Sons,$7598.82,2,04-07-2022,05-07-2022,Booked
1NqBxLgbVPKNXZ6SQDF74TGARo5U5gcqGq,"Reichel, Brown and Auer",$824.35,2,27-08-2022,31-08-2022,Booked
11gL9hWPrqGfCFfV7L1ircXk11wF1UYaK,"Toy, Cartwright and Runolfsson",$7510.69,5,01-06-2023,08-06-2023,Cancelled
17NVXzTv9xtGDqEz3qPKkHQWL6aGeMKAkD,Cormier LLC,$7177.60,2,11-06-2023,18-06-2023,Booked
17LwoNE6BQi33ihuSV89C6rvajawmaNpg8,"Ernser, Haley and Friesen",$8514.42,1,12-05-2023,13-05-2023,Confirmed
1Mz3HBvGrsKbQHWwP3g2FPrKFc5jkafYBq,"Rutherford, Weimann and Effertz",$7687.28,2,28-05-2023,29-05-2023,Booked
1qBTPHySo5ZT4FydQHH7mgucJ2y9bQNAQ,Hermiston-Cole,$9679.70,1,11-10-2022,15-10-2022,Confirmed
17SqYgVfZStVaxsH9EfxCBZYVAun5cBbBF,Sipes-Batz,$8836.26,4,14-03-2023,21-03-2023,Booked
1ML1xddGjj48KDThb3ZYJtNcmbSSLfabZc,"Quitzon, Macejkovic and Grady",$9019.75,5,30-11-2022,05-12-2022,Cancelled
1AyChu64qArwdDXpkFkmhZcY4ZytGvyZGx,Tromp and Sons,$8456.71,5,03-08-2022,04-08-2022,Cancelled
1MkRPJ3Chz3kbtiGrehjocmop5Weu2CD3B,"Sauer, Wolff and Wisozk",$2787.09,3,20-09-2022,24-09-2022,Booked
14epY2dw4mY44j2LKTbvqezAQ9GAJMXupL,Mante Group,$9634.36,1,14-02-2023,17-02-2023,Confirmed
16MS38664Ww1F7svLkc3yCg1F3umrpFsmZ,McLaughlin Group,$4791.07,3,12-11-2022,16-11-2022,Booked
1Ka81roLz6as4H8XbTuficbvA1tZTFofvi,Hackett-Predovic,$511.99,3,08-08-2022,12-08-2022,Booked
1FDxZjS5QZADxBx4A2WNvrSMgih91JNyYq,Stoltenberg LLC,$9267.00,5,28-11-2022,05-12-2022,Cancelled
1HpyBtgWuo9ixsQR8iNfXZJH3VLjnPMPVR,"Lind, Nader and Stehr",$7249.35,3,30-09-2022,05-10-2022,Booked
1BjJgDvq4dCebkMBRTLTsjRrf35h9zFHRg,Yost LLC,$472.54,4,10-12-2022,12-12-2022,Booked
1K3s7ipNFwoUPzf7fjr3hmUbzuV2Uvt5F7,"Lemke, Brekke and Lowe",$1746.52,1,29-10-2022,30-10-2022,Confirmed
19KEtrhurqNtJvRHHZkVpinDtcqr6ep5RS,Wilkinson Inc,$8217.00,2,20-09-2022,27-09-2022,Booked
1PkFHWQGseKAcdW6uL4zJJchyMTXG7Htzo,Johnston-Bauch,$5887.90,1,29-11-2022,05-12-2022,Confirmed
1CuHfu1SHczYoCMkMwAhiqieQXwRuzn69G,Grimes-Kunze,$2324.35,2,20-03-2023,24-03-2023,Booked
1KDSFVu6pWWw1v59oqWJVXqpuRKWWbb6RY,Stehr-Gottlieb,$7566.76,4,08-07-2022,11-07-2022,Booked
14WHVADGC3enNKFsDPfrJQpNphvgNgGCYZ,"Gleason, Stark and Shanahan",$4891.51,2,02-10-2022,08-10-2022,Booked
1KbQPozA2ewwbgN1FN8oyuTguY5PF3MTdF,"Leffler, O'Conner and Jenkins",$1191.09,5,09-03-2023,15-03-2023,Cancelled
1DNbc9S8T9dXwGBysXwT1kDfGzEP5CPb4,Torp Inc,$5789.24,2,16-09-2022,23-09-2022,Booked
1AJsNcfcVgpdF8UWCNg53WdLYH5wTFASYf,Ward Inc,$932.22,1,11-04-2023,13-04-2023,Confirmed
1KZsVnApHt1FPc5d8zHHsLjU1RgD7GixbM,"Goyette, Harris and Larkin",$9256.26,1,24-11-2022,29-11-2022,Confirmed
1Hcx3jyJC5aReyf4a5sruVHa5pF8q6Mma7,"Wiza, Prohaska and Kuhlman",$3330.93,5,11-02-2023,15-02-2023,Cancelled
17rWVTDzStSfYha6ajwS3PnmdLuuGgybPP,Runolfsson Group,$8954.89,4,14-03-2023,21-03-2023,Booked
1Kp34CwVQVDPdNzywE6NYdYdRF3kDXVLHp,Schowalter Inc,$1189.57,1,04-02-2023,08-02-2023,Confirmed
1Dtso3cFVDnFH7xxtjtQigb3poVNcpWiTw,Gutmann-Beer,$4557.49,1,03-08-2022,09-08-2022,Confirmed
12iEFVyTysUUmJ3SJBDFKQGTz4ktPGRzCW,"Gleichner, Kautzer and Kreiger",$248.01,1,10-08-2022,12-08-2022,Confirmed
13qcLUWxg8TZLGv4zMeYBLMLfKah6SrPeL,Davis-Casper,$5305.97,1,14-05-2023,16-05-2023,Confirmed
19S8ML23kys9epXXzxHdNuQHJjhHvKQCgq,Gorczany and Sons,$3631.74,1,16-10-2022,17-10-2022,Confirmed
17qUD15ejjrx2BJ6pNwoZJ81rinNhUkiSu,Denesik Group,$8674.53,5,03-08-2022,10-08-2022,Cancelled
1AgpT2sArQcQsW8NtANeMKM7uEjighjb58,Heidenreich Group,$3624.77,4,01-11-2022,08-11-2022,Booked
1EU2XqXHsk8WCS4ASHKdmmxshQM8sdryVk,Pagac Group,$9127.08,2,11-03-2023,14-03-2023,Booked
15JSVKgNBTeHdmXtzPYg1Dy7vH6LM661Fi,Smith Inc,$7702.54,4,05-10-2022,09-10-2022,Booked
1Ey1BPtzcZZgXLgJ8evGs5M7mPHXmhrSKQ,Hirthe Inc,$8695.82,4,26-04-2023,27-04-2023,Booked
1JNBF3cKBYW4joUJmWMiZ6WmbKxmaz2edb,"Veum, White and Jast",$9188.83,1,29-11-2022,05-12-2022,Confirmed
17nQuF6SE8skQ1P3YsJxq31s7k83b9JpCx,"Schamberger, MacGyver and Padberg",$2434.88,1,18-10-2022,24-10-2022,Confirmed
1ATCkbXApRHqt1PQEpFNyUQAbYXDKXwWtH,Gutkowski Group,$5758.13,4,17-10-2022,21-10-2022,Booked
1FDDJ8psCc884QjzgrqAYbuAStRZNER281,Feil-Shields,$6342.90,4,22-03-2023,24-03-2023,Booked
1DFLnUaFDHjqz4a467tzSsqf1fKzrZCa5L,Ruecker and Sons,$4376.62,1,18-05-2023,22-05-2023,Confirmed
1DbuWyk7Ri8AMEM1QpqwV3zHohXrL2a4a8,Stracke-Gulgowski,$9292.08,3,17-02-2023,24-02-2023,Booked
1L7Xnk5YbpaLB8VCE3Kcjr4mYVSeSgjGCq,Runolfsson-Miller,$3477.72,3,25-09-2022,30-09-2022,Booked
18pjrZxmY8q4dtGKPeCXmTjnksNhXG949T,Parisian LLC,$6433.47,5,24-11-2022,28-11-2022,Cancelled
14ZfDrhagEXpVuHaSLo2VTxpRVK3SPkGts,Blick-Herzog,$5455.84,1,27-11-2022,28-11-2022,Confirmed
1CaxifjQomN8pEs7WnSuiPNFxKuFXhDnsB,Treutel-Jacobson,$6858.96,2,07-12-2022,08-12-2022,Booked
1E4gfoww1qQUU6tWVABUjQKvSaYUAy9nWL,McCullough-Schultz,$1719.63,2,21-12-2022,24-12-2022,Booked
1GwvRjeuawEGLodWRdxKPAtgAVwkbe72Hw,"Carter, Smith and Wisoky",$5857.92,2,30-01-2023,04-02-2023,Booked
1Drxz86owvN9dkpghAwLCXnzqEJaYdr35a,"Leffler, Leuschke and Champlin",$2251.33,2,02-08-2022,06-08-2022,Booked
1EQextZNDqds62fc61ASTMU9jGAQcDTfp8,"Funk, Powlowski and Corwin",$8809.52,3,12-07-2022,16-07-2022,Booked
14Sa7jZo2s1AtBS4gybUwbZkoEqp3mKQxi,Langosh LLC,$9120.97,3,10-04-2023,11-04-2023,Booked
1JdKXUS2BHHv4kgRN7gmJWA3RxTABK4Uck,"Hammes, Bailey and Gusikowski",$4811.01,3,21-09-2022,27-09-2022,Booked
1BrGGTe7y7eW49kcCHKiNoDkFTEtmmMQme,Hickle-Wilkinson,$1194.95,1,08-05-2023,13-05-2023,Confirmed
14U5Vb6s4YmghE3gyu7Dk1zLNruUQETUui,Anderson-Blanda,$4212.40,2,06-07-2022,09-07-2022,Booked
1MhK36ppLsbZjzeXZxBGupYRJBPCKeN16Y,Oberbrunner LLC,$4117.47,3,05-02-2023,11-02-2023,Booked
18Fwcrdc58vNWALFrDtcpkgMYMpag5hNQm,Sanford-Hand,$8496.21,1,16-04-2023,19-04-2023,Confirmed
199Zcn76ucANJriEGDpuxasGv9YwpJcBJs,Oberbrunner-Heidenreich,$5916.43,2,07-06-2023,14-06-2023,Booked
16siJTtmY18ZLHFzuqKSceNWzJ6QELZAaE,Kozey LLC,$8327.78,5,17-06-2022,19-06-2022,Cancelled
1KFhPyPGJ8jwAXdnDdXZVuUuxfbPt4yZLn,Nitzsche Inc,$2972.76,2,04-05-2023,07-05-2023,Booked
17ijBTJwjKidD1HDTt3ZQQunuC7AGEZLs6,"Kshlerin, Tremblay and Koepp",$9149.56,1,22-01-2023,24-01-2023,Confirmed
1EtQbRih8ZVosN1farpyrFyL5T8FKm1KGH,"Connelly, Fritsch and Leuschke",$8823.81,2,05-01-2023,12-01-2023,Booked
1Ngy3mRStvC3yhMrL22vqEPz27aXwSaaJD,Parisian Inc,$2102.38,3,28-02-2023,05-03-2023,Booked
1KSBoKYJQGnBhTr3tzhXTcysa7CyGWchQb,Marquardt LLC,$6810.62,1,21-10-2022,24-10-2022,Confirmed
1PeiNnx54gku1jGH81ZncPJWPqqB2z6Lsq,"Terry, Morissette and Stiedemann",$5532.88,3,25-01-2023,29-01-2023,Booked
1DvprpSRgKgrDDWV44bceJVuFDGkfc3hWh,"Nienow, Altenwerth and Schroeder",$1925.03,5,06-01-2023,11-01-2023,Cancelled
1CWPm7rmyxECVT7DRfFGUHCMnwiPd66jDr,Stehr-Beer,$888.97,1,13-09-2022,15-09-2022,Confirmed
1D9QkB1VGzDkV4VDjUgktqUjZtTvCHy9LP,Kshlerin Group,$6168.31,3,01-02-2023,04-02-2023,Booked
12iotxKhpgBJB1eb94W2yQBqWrF7zp2mgw,Gusikowski-Swaniawski,$4720.65,2,16-03-2023,21-03-2023,Booked
19urvEqdJ8VmnSLZWdiS5ytHi2pR6fA5ac,"Ullrich, Hettinger and Hettinger",$2267.01,2,20-07-2022,26-07-2022,Booked
15D35yPPks3LZd5SVaQ9o58bB86D5rFxER,Schamberger-O'Reilly,$1941.72,3,10-03-2023,13-03-2023,Booked
1NDoxUPFcJT9Fzf49g6NrmNoxqc6MsonD6,Kreiger Group,$9369.71,2,12-05-2023,15-05-2023,Booked
1KmhgcmJLuxPseNdA7J4xY84zHJkyEkimu,"Torphy, Kuhn and Jaskolski",$4128.00,5,22-05-2023,24-05-2023,Cancelled
1LP88iMyrJEMdJHJZYqoMM6xr7aCUU1G84,Gutkowski-Runte,$6406.07,1,05-11-2022,07-11-2022,Confirmed
1MTVakrceJL9H8TvMxgAU8qzEiX9rBxJFq,Runte Group,$1031.15,4,18-12-2022,23-12-2022,Booked
1DKzjKapdGrVsfeSFsj87jLVJzt2PeBP5o,Okuneva Inc,$5789.03,4,12-11-2022,19-11-2022,Booked
17qYW4qDy3oxWgTx13GrHhYuPTbjdrCu1n,Casper LLC,$5695.48,5,12-11-2022,14-11-2022,Cancelled
15FtNKRw7LxixQs91RkDsw3Lw9aTGiqtw3,Torp-Lakin,$2486.56,1,21-06-2022,27-06-2022,Confirmed
1EyiSdYYPr5w6h1vCzVUyKZ24wizsctcvc,Barrows and Sons,$6613.44,4,09-05-2023,13-05-2023,Booked
174hVFzq6fHCZmWgRU91P7f7bAUSuRuyeP,"Kirlin, Sporer and Marquardt",$9041.71,2,12-06-2023,17-06-2023,Booked
1J8YiWSAHf9QCfJYaHyhXfgEi1UT7yp8a9,"Deckow, Kassulke and Windler",$6506.90,1,23-01-2023,29-01-2023,Confirmed
1LVbvZRQVV8nMDUcd7bmtub5bP23w42oCp,Hills Inc,$2116.85,4,18-09-2022,20-09-2022,Booked
1LwqntcmNq1AL57E6iLnCSG9wokRBneLuD,Kuvalis-Powlowski,$1996.77,4,14-08-2022,18-08-2022,Booked
18Fa1CeKArg2BohddQ3uYDPo9mm2ii76qe,Witting-Torphy,$8608.89,5,08-07-2022,10-07-2022,Cancelled
1EGq1q5f3NEGXRdyaSxMQ4w5wBNxs538fp,Reichert-Macejkovic,$6048.23,3,03-09-2022,06-09-2022,Booked
1NMkWrYwjkPWK2uExtbDRZowhaNcaucjpi,Zemlak-Lebsack,$2389.41,2,30-03-2023,01-04-2023,Booked
1EdYd672CEbXUsQGTdKf1SDXCF2seT2vLY,"Lubowitz, Schinner and Kutch",$4835.65,4,22-10-2022,23-10-2022,Booked
1Em7urZLhAvA5nw3ffnShq8R5fnakLyTSA,Cremin LLC,$636.18,2,01-02-2023,08-02-2023,Booked
1Cnw1RWFWRjkFgqzPARa2fdSPtzkTNm2Nu,Feeney-Hansen,$8302.16,3,07-12-2022,10-12-2022,Booked
1E8SPFG6obHbCDr9MNBQqarWpSUGwDYiuj,"Cole, Huel and Gulgowski",$5918.33,3,29-05-2023,31-05-2023,Booked
1Hd7mkbQkWbh5qWmf4LkTTfrk64rpwoNtA,Homenick Group,$6811.87,1,10-05-2023,17-05-2023,Confirmed
1BUZ9D6b24V4bKdNBABcZJttMp7sKMFPyx,Cremin Group,$2304.75,1,17-06-2022,20-06-2022,Confirmed
17VoUmqQYyUyJ8ir7N6K58BZP7cVwSTP39,Durgan-Monahan,$8374.73,1,31-08-2022,01-09-2022,Confirmed
1L85W5CWRjjkEPA28EafTfEeT5J75Z5uC3,"Fay, Jacobson and Trantow",$9820.08,5,21-04-2023,23-04-2023,Cancelled
16agGuEEEifWvsSijtzhTouZBbESC2BMwi,Donnelly-Ratke,$5317.09,3,11-10-2022,14-10-2022,Booked
1K8D3FMhTqnBWzPwrhqmMNH8gq2PhUiNiu,Halvorson-Kreiger,$7520.92,4,27-02-2023,04-03-2023,Booked
14bpTdH3uybZ8ProtYa13aHuw8PuQ8krK3,Hagenes Group,$693.53,4,30-12-2022,04-01-2023,Booked
17WYMScQHf7RCZH7oowQACetjGpagtNePC,"Konopelski, Nicolas and Collins",$9582.73,3,24-08-2022,26-08-2022,Booked
19hYBZXbxZ97vmnJ7oDex9ypv5u5bVTZWJ,"McDermott, Schimmel and Runolfsdottir",$578.73,4,17-11-2022,24-11-2022,Booked
1DBozf5kvugt7HPUsQ8ZoPgNXBnv2x2gfD,McLaughlin-Bahringer,$4161.98,3,17-11-2022,21-11-2022,Booked
1KZkWpepW8fhywRfn2Ar2KbjCX5kyJJh5s,Lynch and Sons,$3423.51,1,01-12-2022,02-12-2022,Confirmed
13woLyoTZvUe1b1w15SUQbdd1qrn7seywV,Mitchell Group,$4998.46,5,20-04-2023,25-04-2023,Cancelled
1Gfe2aFA1BhVFkY8T3CuZtc4qnxqukBpZR,Weber LLC,$739.26,5,04-09-2022,08-09-2022,Cancelled
1PF3bSBCKRbCyAJkawY5STnjP7zVCfarzz,Kub Inc,$9559.30,2,03-06-2023,04-06-2023,Booked
15Lz1MiVLsrZJSNN22PwCdHKSA9q6U1JeW,"Skiles, O'Kon and Braun",$2537.00,5,01-10-2022,05-10-2022,Cancelled
145XSH3UJi3bYct6BbV9CmutRcXtQei1au,Johnson-Predovic,$1345.85,5,07-03-2023,14-03-2023,Cancelled
1UR2ffD5aKPR44AeUaUKQRqWhiREMGdkj,Ryan Inc,$5041.53,5,24-08-2022,25-08-2022,Cancelled
1KWKp7fiToezBnAHEhAxfEZFHNMKcKAr3V,Schuster-Schulist,$7979.53,2,15-04-2023,17-04-2023,Booked
1JVLbBpHTBMwNejSPxCuCPjS3Ji3qd4EGA,Grant-Bins,$9224.91,2,10-08-2022,16-08-2022,Booked
1MTJJ5iSaCwMWSFdufT2h9k7A5rd8UYdFx,Rowe-Ferry,$1063.95,5,31-10-2022,05-11-2022,Cancelled
1hmxUf6eCzLMN9Xy8eFVEXvp7M6qaV2ze,"Stracke, Crona and Bruen",$7478.16,2,19-01-2023,26-01-2023,Booked
1CK7N9cpJa3QuY99BTPXKp3QRkHC7gZpkm,Bins Inc,$1464.21,1,09-10-2022,12-10-2022,Confirmed
13kHSVdGgnqAxJqCnHP7qGntZJgU6fYSj7,Torphy and Sons,$5938.36,2,21-04-2023,22-04-2023,Booked
1CvKCtUd7PXyGptpzgnvfRfPHQKUigKcwq,Kub and Sons,$669.75,2,29-08-2022,02-09-2022,Booked
1FcHzcRLPqSYaD6D3hLKDmUQR3shKkf1Ak,"Lowe, Ward and Gislason",$2455.08,3,12-05-2023,18-05-2023,Booked
16N3dwfxatv7F2nYf2hhuiWN2gbPXwbtQN,Powlowski-Nikolaus,$1590.91,3,21-01-2023,24-01-2023,Booked
1JBhCMTYwjYWzqZCH7kW6kDWfeLvgRKsmi,"Pacocha, Roob and Wuckert",$2593.99,1,05-11-2022,07-11-2022,Confirmed
1HkQYdXb8DahEPzs8nbhBxJotY92HAXFPU,Ortiz-Padberg,$4782.50,1,04-04-2023,05-04-2023,Confirmed
1LTYriACNzUycgADQhuk2pvgoUhdfE8KUt,Breitenberg-White,$972.51,4,25-01-2023,01-02-2023,Booked
1BvETWoWf5ffRiBsojWBe1F8Swnt6daXdt,"Langworth, Sanford and Huels",$9989.84,3,05-03-2023,06-03-2023,Booked
13zX8w5D9Z199v691TLrJr8ZYAwNtJBoDA,Friesen-Dare,$5366.92,3,17-06-2022,24-06-2022,Booked
1GjXWrYfrNKfJ55RHZ6p6npUoafbdcL5a7,Schneider Inc,$6737.79,1,26-07-2022,27-07-2022,Confirmed
1L4QffojpViiuG7tcb6KhJForA34HccjNX,Murray Group,$6278.21,4,08-08-2022,15-08-2022,Booked
1JYFJkG72H7M9fW5RvFfyd4YoNnSia3Y9s,Pagac Group,$6348.90,5,20-06-2022,23-06-2022,Cancelled
1Detdey3ijCSAk1kVCbAEfSFgjrRhKcoWW,Klein Group,$271.76,2,18-07-2022,24-07-2022,Booked
1AAX1okWeZFHNv8Vj91Brhfm5WHr94uFjn,Weber-Paucek,$7750.54,1,14-12-2022,15-12-2022,Confirmed
1AsP5afrYC5dFVmBKtjArKgMEHhaJoJuPQ,Wiza-Beahan,$8950.10,3,05-11-2022,11-11-2022,Booked
1LUCzGAHAwfRUjfPK8C8Jz6FfL3XSj8csp,"Auer, Jenkins and Homenick",$6561.11,4,03-10-2022,10-10-2022,Booked
13Vh1e6r4CtZ9TQo8Ziws9d258Mcvm4c5V,Krajcik Group,$441.60,3,29-10-2022,04-11-2022,Booked
18vggQSzFrbxwkSJkFF8hqKbbRB5VeUPpk,Cartwright Inc,$1732.76,1,27-05-2023,03-06-2023,Confirmed
13WQir3STXcv8sY1UUjX14XdjWdpYRZSju,Brakus Inc,$1893.95,5,04-08-2022,05-08-2022,Cancelled
1PfJBGm1qRPypmsLiSt3Wk3fPbePWRYfJg,Schinner-Streich,$6917.59,5,14-10-2022,21-10-2022,Cancelled
1ADLp3nZBN6KCpzXFJrJnF4sPLVCw9puD3,"Ebert, Homenick and Welch",$2065.64,2,19-07-2022,20-07-2022,Booked
1L1iyNTJPsBVEp85EiVD2eCAvX4wwwMEt1,Rolfson-Langosh,$2862.49,3,18-12-2022,24-12-2022,Booked
1HBVEdPnCtqfj5KwBx7MY2zvNdBg8u9psj,Volkman-Lehner,$4778.41,3,08-11-2022,14-11-2022,Booked
1ApKt7iACnxADTVHr7J22X4Xv5c7YMCd32,Robel-Hoppe,$7102.31,3,30-07-2022,31-07-2022,Booked
1PhmhX8aRCJN6o32wkkPqgp4Nh4KKBrmcT,"Deckow, Rutherford and Lynch",$8186.32,3,16-12-2022,18-12-2022,Booked
1CqKh9dAtzJF2t1S9QSHMbTL3GrekJePRj,"Hudson, Wilkinson and Mitchell",$6735.72,5,17-11-2022,18-11-2022,Cancelled
1344Fk5d4acJ2egvx7YNfNARbEBLyftu3j,Schultz LLC,$2794.64,5,11-08-2022,16-08-2022,Cancelled
1FAqwrmuzFJf1fvEyKdecngjfUxM8W67NG,"Herzog, Larson and Rosenbaum",$928.50,1,28-08-2022,31-08-2022,Confirmed
1Chazwh4vrgcgcUi6Nu1miJMDTUGv8V1SC,Veum-Towne,$447.27,2,21-09-2022,26-09-2022,Booked
1MPdfhAJuskmRFuoxS5EDiVJJMPaxaawfG,Carroll Inc,$8138.85,5,03-04-2023,04-04-2023,Cancelled
1Q83qL5kNYdMd7m23qWwiR135nXD5b6sbo,"Gusikowski, Dietrich and Dickinson",$8310.74,3,23-11-2022,28-11-2022,Booked
1K8jmCkqDqbhQnERMz5anUwKmSq4gw76vD,Schmitt LLC,$3918.04,2,18-11-2022,20-11-2022,Booked
16c1FU41g8tXn9oQPQjdJKBePQrnnmmmGr,Balistreri Group,$4565.69,5,02-07-2022,06-07-2022,Cancelled
1L46cmtGAiFMBrvbTTD6VuSw8KVEE7Yuu8,Hodkiewicz Inc,$123.25,2,19-06-2022,25-06-2022,Booked
13ShoM5DhvHWMcfEKvYuKrcBa3rGQ2bU4j,"Leffler, Christiansen and Hilll",$2788.31,4,24-08-2022,31-08-2022,Booked
174gLFDyW9BnNQGFfDViscrQafs6a5D3BR,"Jones, Weissnat and Bruen",$320.90,3,24-02-2023,03-03-2023,Booked
1A21T1kpJB5MmY676KzeMn8afeDRbg2rGX,Baumbach-Cremin,$9497.14,1,01-07-2022,03-07-2022,Confirmed
14RusdS9oDMXu1m8gYyAq1GGykiw8E1Zt1,"Ernser, Spinka and Rolfson",$6006.17,2,26-11-2022,03-12-2022,Booked
17VnNYgFrwEV5EGJfmvJBca1DAigEUF3Zu,Gerlach-O'Keefe,$9250.39,5,26-03-2023,30-03-2023,Cancelled
1PetqgK2yVyjV3N4YTP8LCTYy75D7CmDB9,"Legros, Orn and Feil",$6508.22,3,11-12-2022,14-12-2022,Booked
18UBri57Q4qitC2C3c1Uj9R4UJg1kmQKye,Stanton-Klein,$7786.74,5,06-03-2023,08-03-2023,Cancelled
1BeUxX3CkCvZ1SziqkCYdwLhguzWNxZHfJ,Hamill-Shields,$9469.13,4,16-09-2022,23-09-2022,Booked
1Ci5QuP3GA2DPpSLw6x8hgPtUzw6qCFAPG,McDermott and Sons,$4435.75,5,11-01-2023,14-01-2023,Cancelled
1MNNtaQLJbc8NWpJ1w3NyoK6EDEV4mi5De,Luettgen-Reilly,$2804.03,3,18-12-2022,22-12-2022,Booked
1NDb2BXWt6cxPBNx4BtKzT2aQiKUGCY8mT,Ankunding Group,$1769.44,3,03-10-2022,07-10-2022,Booked
18uctye1mUPKXe3gyEL95n9XkLCrKiq38R,"Hane, Johnston and Nienow",$3438.07,4,05-07-2022,11-07-2022,Booked
1M4DDep688k4jS5LetZt9DsVRSrPzcCo6u,Davis Group,$7944.69,1,01-10-2022,03-10-2022,Confirmed
1HdoFDn1gqrosNjQjRAWwWfYE5a14UBZYq,Doyle-Mueller,$761.25,5,28-06-2022,02-07-2022,Cancelled
1JTF3GfwevUJ899DpmtKVvz9RDsEZiWvFg,Sauer Group,$7195.25,5,17-04-2023,21-04-2023,Cancelled
139dchLWjTP28J4cYRrCRnXj3tpQ8pVCfd,"Legros, Kilback and Robel",$491.89,5,04-11-2022,10-11-2022,Cancelled
1PwXitCYvCN39q6pWaFDsDCDaCk9YkgHKb,"Williamson, Veum and Feest",$8220.68,1,01-03-2023,07-03-2023,Confirmed
17aVXxkwoKQFFsPDTnFFiN35m62w1e5v1m,Greenholt-Schmidt,$4496.34,5,18-04-2023,23-04-2023,Cancelled
15XEQ4F9n8B1UQUYtxg8Qbx41bByzqJGPT,Wolff-Kertzmann,$9443.36,5,28-02-2023,05-03-2023,Cancelled
1Ch1ChVWbqgr3z1hEkK2V6wtRyR3Rs4j8i,Mertz Inc,$289.30,4,08-10-2022,11-10-2022,Booked
1FT9JvGk9rPHZMvEoTtCgM9d9ExrFedYMz,Kassulke-Lemke,$9659.82,3,06-02-2023,13-02-2023,Booked
1a76azX7FPgSPnd3Snpk3zxxe9CSSZgxG,"Hegmann, Mosciski and Reynolds",$6329.06,3,15-03-2023,19-03-2023,Booked
1DVS13wzXXiwQqrPKtF8BPySzNC9Y6zP1D,Gleason LLC,$6664.71,3,20-06-2022,26-06-2022,Booked
1GHrKuP3RD3AnwFpAucjD9zmczbXqYF8aU,Collins-Parisian,$8526.03,3,10-10-2022,17-10-2022,Booked
1FcFfxge77Vhh5yfcWnAoFxi8dB2Md899d,Osinski Inc,$9850.01,4,12-07-2022,13-07-2022,Booked
1HhJ9X3CSbtLwoQiU6i8iA7faN2AMp7bq3,Tromp-Lynch,$5235.82,4,19-01-2023,25-01-2023,Booked
1M1cSwYQ59CUAnx5HUtoYeteaBMDbZwWXR,"Frami, McDermott and Thompson",$1261.65,3,10-05-2023,17-05-2023,Booked
1G74k2dUw5fYjo1SF1fBMVbRz5TuruqWAy,Gulgowski-Mitchell,$6634.86,2,23-04-2023,24-04-2023,Booked
15imKUs7uuuC89q5fvrL9VJ591qn4VZdvc,"Abshire, Koepp and Fritsch",$8462.71,4,22-05-2023,24-05-2023,Booked
1PuhXYfPAnNhrT3R4JgDion63J6X6Aq4C4,Conroy Group,$5667.92,2,08-04-2023,11-04-2023,Booked
18g4zMX7dWFa4qkZ2P4rbfyGbsaad8a2cx,Bosco LLC,$2366.45,5,12-06-2023,13-06-2023,Cancelled
1GNXEmdBDUuqXLwpcxDwZbyoSbKKEYb8L1,"McGlynn, Marvin and Schuppe",$5699.62,3,21-02-2023,27-02-2023,Booked
1LGVkaTR2cwpPeMASLAA8YpgMd5B4PAJH7,"Harvey, Dach and Runolfsson",$3120.81,1,20-10-2022,25-10-2022,Confirmed
1ALs3xwjGWVMeP3TDDyVRxmaF6ncZQ6mEi,Koss-Breitenberg,$1895.43,4,20-12-2022,22-12-2022,Booked
1AKetUyVp7uYyBeYJLQ3R9pGoAQKq8FARz,"Osinski, Bauch and Toy",$5347.54,3,18-08-2022,21-08-2022,Booked
1GmM61xovJfkYhK8hWsitawSyC1y1akDnq,Flatley Inc,$1386.24,5,27-08-2022,02-09-2022,Cancelled
1Dd4XtZpVXE1KDNyGrxJjPsNC2iVVDg6y6,Green-Gottlieb,$4968.03,1,19-09-2022,26-09-2022,Confirmed
1BTSmibyWFUo4Q6HqsSN82bm9h5VPvdw9n,Walsh and Sons,$4019.38,4,16-04-2023,17-04-2023,Booked
13nbSaw4yGGCJjPwyVknDhjxe9KDWHY5G1,Kilback Inc,$5692.43,4,16-03-2023,17-03-2023,Booked
1FuWeJQZb1Sz2ZzGgocRXcN9gJp6P7Vw7t,Skiles-Hane,$8504.30,1,18-07-2022,25-07-2022,Confirmed
1QHrL4BKjY2AbfsDNS3QoV1khd55kBZzp8,"Kohler, Gusikowski and Marks",$8282.68,4,26-10-2022,28-10-2022,Booked
1M8dK85EAZ7B8ZX6gTQ6ZnNEGC2U7CBuJX,"Hoeger, Marquardt and Beer",$6469.64,2,08-09-2022,13-09-2022,Booked
1G3eJEShF8it5B2SxuCVeqxX5dDzpVjWY,Reilly-Jast,$7698.62,3,12-06-2023,19-06-2023,Booked
1P1UFCwKyoS3pAsXaPbibJqADGffVNGtyF,"Rowe, Hamill and Cremin",$9390.76,4,16-09-2022,17-09-2022,Booked
1EqPoShZhYVMGndk3wYN2ZSZEyPJ8HjbYn,"Dach, Bergstrom and Reichel",$615.82,2,26-07-2022,31-07-2022,Booked
182Ch9fUYfgbw6A9Ait2vCNCVRVGX6rBsA,Koch-Jakubowski,$9065.29,1,02-11-2022,03-11-2022,Confirmed
1GmZy5WAizWnEg9JQG2ihea1jVZXPSCAwE,Reilly Group,$9720.35,4,31-07-2022,06-08-2022,Booked
1NXk3Tf1hXpwtVhgngEUFAYnxtedydbGUm,Herman-Mraz,$2704.92,4,07-12-2022,13-12-2022,Booked
1P1asCNPV5AXgbbiuTjYfQMc7TKSYEJHke,Legros and Sons,$7770.10,3,13-04-2023,15-04-2023,Booked
1AGzSQ8XnZWVbivupbVAMLbB3bhW7MdVpq,Casper LLC,$8431.92,4,14-10-2022,21-10-2022,Booked
13PCQNDpSFPr3hLGAZ8ZsDWEggGCkvsGMf,Erdman and Sons,$2031.92,5,06-04-2023,09-04-2023,Cancelled
19JcaQADDdTPUjHYwueJBqvg2RJwCKpb5a,"Windler, Baumbach and Herman",$8112.99,4,08-03-2023,13-03-2023,Booked
14hTXGNXjAWGrveqFFS8wSR9zpnQ3AaBMG,Mann-Jacobi,$1488.51,4,03-08-2022,06-08-2022,Booked
1Pnvp3kVzGVMzXQcfCBhzAuhTsEHJi7WZp,Mills-Davis,$4828.67,2,18-11-2022,24-11-2022,Booked
1CWCr7CQdHgLtM3zSeJRWQnMvyBXaq9mfL,"Bahringer, Franecki and Lakin",$1742.23,5,15-07-2022,16-07-2022,Cancelled
1NGSu3bc1PPJe4JaxZ4ZuoMcnpxLVxytYt,Osinski-Prohaska,$6110.62,3,13-12-2022,15-12-2022,Booked
1KCboopekee1o86uETbzjguBQQqYfxf8Du,Kuhic Inc,$2345.02,4,02-12-2022,05-12-2022,Booked
1FznfE2fuYix5maqi3JXPztMxxcU3iMD7A,"Lemke, Reichel and Conroy",$7540.26,1,15-02-2023,17-02-2023,Confirmed
16Zq26aVfHqFw1gP3UgGDN37ZFFsZeGzbV,"Doyle, Legros and Jaskolski",$2120.27,1,26-05-2023,28-05-2023,Confirmed
17sQonDnvkpKErJrLNT4nddaB1LVqNnVzV,Johnston-Torphy,$4195.27,3,28-09-2022,29-09-2022,Booked
1LUMWjqjWxioJUsEo6PYYUj8apBp1GZh5n,Quitzon-Schiller,$7820.58,3,17-11-2022,24-11-2022,Booked
1Ddzyi5gLy6vrxN9a727WqJ5772SrohV5p,"Langosh, Howell and Ratke",$8459.06,4,13-06-2022,19-06-2022,Booked
1P9HPEcyttSn9HcvKdTkxMpTte5AXB9WL2,"Kutch, Cole and Rippin",$3418.32,4,20-12-2022,27-12-2022,Booked
1HLeGeBNoXhYmNpNs2urnJqtSoGFY5URzJ,Lueilwitz-Heathcote,$7885.18,4,27-11-2022,28-11-2022,Booked
15cJSrdnL9Jkz48NwUpdanRA9z4nEn1K1v,Ankunding Inc,$9509.46,2,18-08-2022,25-08-2022,Booked
1NmLdX7LatuHBiA4RVkk1yAXdLf68R41w4,"Wolff, Labadie and Watsica",$4947.21,5,02-11-2022,07-11-2022,Cancelled
13adNaEmqJGej4tEPTsj6ZKkjDsS7CZBag,Deckow LLC,$6058.53,4,12-09-2022,19-09-2022,Booked
1D2Fx5kYNznpnXjeHCeAxhEJnLroggLokD,"Kulas, Sauer and Kris",$6663.14,4,04-10-2022,10-10-2022,Booked
1ExcS8CrXM9DnLRqQUdx9DENym9SPiJ48u,Shields-Schmeler,$885.78,1,02-02-2023,03-02-2023,Confirmed
1CDGpBXD3SUEtAfcBskEVmyDSF9Anmsr6e,Goldner-Wilkinson,$8790.12,2,15-07-2022,19-07-2022,Booked
1B7Fs4WesauCahcb6AfXVXhAC81TwyUz4u,Beatty Inc,$9546.63,5,02-10-2022,03-10-2022,Cancelled
1GfwDVTj8f7sVunqLxGsTycsTz5RL5GQ6p,Quigley Inc,$3438.92,5,11-08-2022,15-08-2022,Cancelled
1ALkUXbdTGLArpYnXrjYvtHYjTaRkvB1d6,DuBuque and Sons,$8112.51,2,02-08-2022,08-08-2022,Booked
17VCWYCHpEkhJBtQ3mKMvYPWRqNNkfQJAA,Pfannerstill-Kling,$5333.11,2,24-04-2023,27-04-2023,Booked
1HPaTX52Xip2T93YbWwiWncKLdV8qRjA8S,Heaney-Boyer,$5399.99,3,28-06-2022,03-07-2022,Booked
17mgSgcuzzLr8H8a8qshgn6qA61uu6CQs8,Macejkovic and Sons,$6345.13,3,09-09-2022,14-09-2022,Booked
1HqwDuuLghheQJWry6GB1Nzxjt3nWp61zw,Little and Sons,$2266.04,3,29-06-2022,02-07-2022,Booked
15jzTz5aajtuXw8eym2P36pLpfoTJtKAva,McGlynn LLC,$5212.79,5,17-01-2023,20-01-2023,Cancelled
1HwV9MW1RUBPFpbsNR56yeFXKTeuNeNid1,Murray-Ryan,$6878.03,1,17-05-2023,21-05-2023,Confirmed
166kFCUBtiY2RPTGgagKiSR8wcWVGVJXtT,Shields-Kutch,$3897.53,1,02-10-2022,06-10-2022,Confirmed
14z5vd8d6kVzyjb2bSvDGVe3QA74736XQh,"Becker, DuBuque and Hahn",$5145.96,4,25-05-2023,30-05-2023,Booked
1GTcPQDuEJmrZjJXbAVjmPLjr2ZKAsbtEu,Langosh Group,$8708.91,4,08-11-2022,10-11-2022,Booked
18s8bpq4g2Td2edKdgqypyHW1m5pdnPjJt,Lynch LLC,$5843.80,1,28-10-2022,30-10-2022,Confirmed
18HeKi3JsXmkAYem97gbxVurEJeXu8CK34,Morissette-Grant,$8399.09,4,02-01-2023,03-01-2023,Booked
14bzf9CRLL3JPKvBcwszLMEKtTrEpdb1qU,Larson and Sons,$4114.00,2,31-10-2022,02-11-2022,Booked
18e28fuvtTtTPg9TXYqA9HbVw4RBAZaoP8,Bayer-Schmitt,$7157.14,5,29-04-2023,02-05-2023,Cancelled
1NfCeRDebBQ8rw4BEbKv6efMBfeY4ae5K9,Rolfson-Mills,$101.57,3,11-07-2022,18-07-2022,Booked
1DjKiwSNDVW8o7UeSv1x1qiJQzkkipoCxv,Ferry-Schoen,$6052.50,5,15-07-2022,22-07-2022,Cancelled
1KVwnFAy9D5fKCn5v1yiEfCjUnxgPNEhau,"Reinger, Christiansen and Casper",$1557.76,5,12-10-2022,14-10-2022,Cancelled
13dS3guWS8uNUwAxJwCGaSDPxT3p7eZhtK,Marquardt-Reilly,$8887.30,5,02-06-2023,07-06-2023,Cancelled
1NZpWuaDV662MkF1a7Ze6SVhfdLLkUtnmk,"Ruecker, Ernser and Robel",$8653.89,4,04-08-2022,07-08-2022,Booked
1BSr1Qd4BA2dQiBSA789U53hiJZkjs4mo6,"Marks, Roob and Hermiston",$9455.37,2,05-05-2023,06-05-2023,Booked
1HRfscxTt6sjZSttqGvQapHK5cZp9KFfua,Morissette-McLaughlin,$3401.26,4,13-07-2022,19-07-2022,Booked
1CwNDTKY6NVWeexJuivfPsagSwe9wn8cNf,Kirlin-Leannon,$2237.67,2,08-08-2022,14-08-2022,Booked
1JspRrNeWKpXsWNFBVTpChkRSUgEd9yJm1,"Muller, Grimes and Blick",$1093.35,3,06-07-2022,08-07-2022,Booked
1L7ojPK2jHoy2dK2hDVqKJTo4wU1YWkfGn,Pfannerstill-Ruecker,$7972.29,2,30-01-2023,03-02-2023,Booked
1Fzw8D3dyZyfvzGpiLoNP6RepvCjvn95fj,Goyette-Schuster,$9474.56,5,08-12-2022,09-12-2022,Cancelled
1GNANRvchWmFxQb52DtDb4Nh47NVTwpmd3,Sanford-Koss,$7135.16,2,15-04-2023,17-04-2023,Booked
1NQZatKQntcbPAf3FcN2CZ8wBEDkdCL1cn,Cole-Lind,$504.31,1,12-08-2022,15-08-2022,Confirmed
1EjeivxKhXMe7NhXp8kkeJvqVp4wEcv8w,Stark-Hegmann,$5136.43,1,30-01-2023,04-02-2023,Confirmed
12pQh4sCMXVEBV2PmLHW97QBD1GLzML2m9,Berge-Zemlak,$1033.12,5,29-10-2022,30-10-2022,Cancelled
1C2NaYZ5NFQswCvWykStic6Sg9N4nhGWrv,"Bartoletti, Stehr and Greenfelder",$3995.39,5,12-12-2022,16-12-2022,Cancelled
1GtpiWdU7JZmNYZJ6JDLVRrw1SixEo27ej,"Kuphal, Hilpert and Champlin",$3424.44,3,20-07-2022,25-07-2022,Booked
16ecuv7VXSXvV45i68ozFYrBrbiV1Km9sj,"Kreiger, Tromp and Ziemann",$4471.60,5,23-07-2022,25-07-2022,Cancelled
1N9UzHPoqvGtShzW1ZieMpx2i66xiEAhnE,"Romaguera, Bauch and Sawayn",$5175.32,3,02-03-2023,08-03-2023,Booked
1GyQsddZP8XNZNyQhj3cddREWhbAhrz8eU,O'Keefe-Miller,$5399.33,5,21-12-2022,23-12-2022,Cancelled
17Hu3qkNGgo7z7z1qXct1BJbEqAtMBH3yj,"Ebert, McKenzie and Hegmann",$5004.31,5,11-07-2022,14-07-2022,Cancelled
1NDBBPnPVCa97QB9wPGNzc5is3gQJQQMu9,Shields and Sons,$715.57,4,14-01-2023,18-01-2023,Booked
1KLB4VaHzjMjNGHG776yBM8x929zX466EC,Haag-Von,$5158.70,1,24-08-2022,25-08-2022,Confirmed
1BnYYMMADEoxePXqwxTWz9nmrw1rzGPzca,"Walker, O'Conner and Hermiston",$4683.66,4,02-09-2022,07-09-2022,Booked
13YQLwMYnHfYhU4wzDymySCbZG8LgLjNeV,"Hoeger, Leuschke and Kshlerin",$2192.67,1,31-03-2023,04-04-2023,Confirmed
1GkZ3kAMDzrZV5bzwp8vfcDZu8mmPz3pV,Hessel-Altenwerth,$444.28,2,05-05-2023,12-05-2023,Booked
16Fx7Mkfysqb2x51eKNjBVaqp945W2MZsm,O'Reilly Group,$2086.07,3,04-07-2022,08-07-2022,Booked
17J7FDs5TeTQTWP5PNr9cbbomTEJBtWkFo,Gusikowski and Sons,$8000.20,1,12-11-2022,17-11-2022,Confirmed
17qWkFd4BerS1aSNMGYDThdQwnPjrvT8dZ,Roberts Group,$4931.22,1,25-11-2022,28-11-2022,Confirmed
1Cn5WD64TLBZpARuqGbKzq6RT5zHNqhbKW,Jaskolski-Farrell,$2161.31,3,31-01-2023,07-02-2023,Booked
12JpEyXdJbzJq24ZPCcxuVKA3esXRuGYGu,Reichert LLC,$2178.78,2,13-05-2023,19-05-2023,Booked
1Fjqz1U5AMuDAeEGRyzBJQUKMvkLKdsNHE,Hilll and Sons,$6695.16,5,30-11-2022,05-12-2022,Cancelled
1CSFMPawWt8HKEd7qdqDCcHYnYFXGVxhtK,Koch Group,$6662.42,1,24-12-2022,30-12-2022,Confirmed
1493ncPkXwRhegBgEKbT9JnLZKPzt7xvVa,"Morissette, Beahan and O'Hara",$3827.16,4,05-09-2022,06-09-2022,Booked
143FA36YxQCDiuf5F1mRLmAys8H8i3gS29,"Sanford, Hilpert and Nienow",$8494.85,4,30-06-2022,06-07-2022,Booked
1AvBmre98QC6JCtDMb4Q4umuUxjegFZEBZ,"Aufderhar, Cartwright and Tillman",$8437.35,1,17-06-2022,22-06-2022,Confirmed
16hr4CbUkSzzwU5wx3fg38cSW7VamMFiHJ,Von LLC,$4540.09,4,13-07-2022,14-07-2022,Booked
1Km7oNayirhhZufvG86nXyiFkktvNJBnvo,"Rolfson, Harris and Boyle",$748.39,1,12-09-2022,15-09-2022,Confirmed
1HLwYD1udy514TLoQXb6s66nFS1q5ptER6,Gerhold-Schultz,$3772.19,4,28-11-2022,04-12-2022,Booked
1F3iEHPzcLnVpuCDUz4X7n4K86HtA5cy1i,"Ruecker, Stoltenberg and Mertz",$981.48,2,05-05-2023,12-05-2023,Booked
1PtUNNeD3HA2PYgnoZ5BAE3tiJe2s7yNWS,Beer Group,$9687.28,3,14-03-2023,15-03-2023,Booked
16LjJBWQh62cyZnZEQkp82gwU8KKyZMemQ,Auer Inc,$4843.98,1,26-10-2022,28-10-2022,Confirmed
1DKvtR1WQKh56DsUaeVQ2kfKVWrLPKwWWN,Bruen-Vandervort,$7587.95,1,16-01-2023,18-01-2023,Confirmed
1FLbiS1JW13qkiqkAqxdWBFaPVVJoNktXF,McKenzie Inc,$8704.52,1,14-04-2023,15-04-2023,Confirmed
17AjGs3ZrJTNTQqH26Sqz9wMKzbZuud5Tw,Durgan Group,$2148.18,2,22-02-2023,27-02-2023,Booked
13jjug6U88iyjohV8iznK4nr1voP72zoyP,Halvorson-Hills,$103.42,2,26-09-2022,27-09-2022,Booked
1ZyG1ZgLdkqDqUBULXcW535XiBgiNuQXr,Goyette-Morissette,$4058.69,1,07-10-2022,10-10-2022,Confirmed
1EaKwX6dQsiPTz2NtvFQTWiQuMV8jeKdWj,Gerhold Group,$3967.54,1,01-03-2023,08-03-2023,Confirmed
1471YVwmXfhGUTA29s9pQVn1kbnBNLofj9,D'Amore Group,$6923.94,1,09-10-2022,16-10-2022,Confirmed
1C6DAMnr3WjZN4jcTWRP3GdcHRxRktxZZf,Schulist-Kunde,$8677.51,2,26-12-2022,28-12-2022,Booked
1PhLan5FQnvjd1qjMSGgRrnJh52u1TfSkr,Carroll-Deckow,$1671.20,3,30-10-2022,01-11-2022,Booked
1CVAFB65SYybUL8KNJRFYXpbGwK9QkEt2,Dare Inc,$537.37,5,05-09-2022,06-09-2022,Cancelled
1Ny4PrwMk68tqYY8RNmgPbQfNghUhM2dev,O'Reilly-Rau,$4830.30,5,02-01-2023,07-01-2023,Cancelled
15FYH7Jnq3DDrpBNYteGdLw5aZHdnEwDJs,Grimes Group,$8135.54,1,21-08-2022,26-08-2022,Confirmed
1NffjC8MzJKaGQtDccwwzS3xWJWMwsoYM9,O'Kon Inc,$2227.69,3,24-06-2022,25-06-2022,Booked
1Gfon4uwmkken11cGYa5rQuYgvJTnc76BD,Anderson Inc,$553.41,5,11-04-2023,13-04-2023,Cancelled
1D3REedjWEDKNXK8Av8RVAf4uBNTeAfws3,"Waelchi, Hammes and Hermann",$1597.36,2,17-07-2022,20-07-2022,Booked
1JC47vaqwwFVCAqzPM4t2yiWg9Ap9bT1W1,Emard and Sons,$1528.42,5,20-01-2023,26-01-2023,Cancelled
1HHtgFEje9bo497KpsDBsAY2TgDqF15pJi,Runte Group,$1150.30,2,05-10-2022,07-10-2022,Booked
16y1HqNdHWUboRe6TqJptsUZy4xuLwkBj,"White, Hane and Metz",$421.76,1,06-09-2022,10-09-2022,Confirmed
13L8HX9eYseVJmChkMbmGPmfWvkj3anfAM,Herzog-Leffler,$6183.02,2,04-10-2022,05-10-2022,Booked
15pVJhi7mdZbGBZAvwd9tkX19MSuwLCNYs,Hintz Inc,$6775.39,3,05-03-2023,09-03-2023,Booked
1YbnA9pvZFyNftvyLdNC1uK1yGDT3UMcx,Pfannerstill LLC,$9526.04,1,16-06-2022,21-06-2022,Confirmed
13NnaGghjDzncmkd7874tWw1jpUg23XEDW,Jones and Sons,$4669.40,4,21-03-2023,25-03-2023,Booked
1PTnoCxnzVstc4CMn9bHVdn6VNxtzXT5G6,Kulas-Kirlin,$1751.29,4,12-05-2023,18-05-2023,Booked
14QkmVZXH8RPxE95wR4qiSb6mV7dYU4Pjr,Feeney-Mayert,$9774.02,2,05-10-2022,08-10-2022,Booked
1JAQpHXTGY6VWuw2W8a7vvm1zS3bzXYHTX,"Raynor, Cremin and Cronin",$9546.37,2,21-05-2023,26-05-2023,Booked
186asGUgDp8tuZF5dDCK1uJBLoShZCapqb,Botsford-Rodriguez,$4558.70,4,01-03-2023,07-03-2023,Booked
1E2ucqCHEpWs27hfPYdhMq9Zentyrgfsvb,Balistreri Group,$9537.87,5,16-08-2022,21-08-2022,Cancelled
1De7n9qN8eGenQm3W1uUDhAWH25arisYQE,MacGyver Inc,$8735.94,4,29-03-2023,03-04-2023,Booked
14NtMdUY6YPDvj757ejCj8N5BJqREwqN9J,Luettgen-Jaskolski,$5711.19,4,20-12-2022,25-12-2022,Booked
1kL8dC7hmmtkxpNx7GE39da5vGbHMBwtP,"Schowalter, Lowe and Dare",$891.96,2,23-03-2023,24-03-2023,Booked
1657a796L2Mf4rSMc6wnsbKEPHFJfncn8W,Swaniawski Inc,$5266.09,3,07-03-2023,11-03-2023,Booked
1Pu2ob8j4M64Yb6ufZ66WoLVNEddbNj1x7,Wiza LLC,$6447.69,3,18-05-2023,23-05-2023,Booked
128dCQKAx6qSG718xtuagaK7Xz7y7EJh4v,Nikolaus-Miller,$7514.41,1,30-06-2022,04-07-2022,Confirmed
1FZK1iCJie6AJUue2pGopsezsLM3CXgKAJ,Haley Group,$5020.63,3,23-12-2022,29-12-2022,Booked
17apAaYwbPTdahcmuptkVgGy7PUBAH6NzP,Stiedemann LLC,$2650.25,3,31-03-2023,06-04-2023,Booked
1FYU2oJ78WLAyYchCu7NMdWMbmpCdympC7,Muller Inc,$4103.18,2,15-01-2023,18-01-2023,Booked
1C9AUYyek7rrngxV2sP1a1syPHo2D4UE9o,"Adams, Watsica and Roberts",$9724.11,4,30-08-2022,06-09-2022,Booked
1152c7KUPY8UotFEnnaUfWeoKvgwFZngWi,Mertz-Skiles,$2668.47,3,24-02-2023,03-03-2023,Booked
1M9xTcGTWWmnBm8T59GSzieDRujSsTmA8m,Glover-Kemmer,$9098.66,4,01-07-2022,04-07-2022,Booked
1WqxhUeKaMy2XYiFY26gLVM97Hro4eQDZ,Hamill-O'Keefe,$1000.98,4,24-09-2022,26-09-2022,Booked
18kCCTPKRJYTcbbTiCoxcCQaUFfRayu2jY,Anderson and Sons,$1710.81,5,14-11-2022,20-11-2022,Cancelled
16j7DA7cKceEqEAkoXtMx1j4Zrp7wx4Kqb,"Torphy, Rosenbaum and Bosco",$8735.77,3,28-02-2023,01-03-2023,Booked
1AikxDuhdBB2wQhzrGwVo7JUF2u2mGs11,"Yost, Kuhic and Quitzon",$4172.52,3,25-08-2022,31-08-2022,Booked
1NEbTzR1vrPqjLRfHA9SVQY6kEioyWjd9n,Howe LLC,$6945.15,3,10-06-2023,12-06-2023,Booked
1PhACY39PcFbkCKcgBpPMZBqBB3T9reTe9,Mayer and Sons,$9560.54,3,15-10-2022,19-10-2022,Booked
1Ds8tX4qapgQtaBgvonFGcguBDLf39BkHh,"Keebler, Abbott and Hodkiewicz",$7307.70,5,28-07-2022,04-08-2022,Cancelled
15vtoVXjubCQRHeM5va8mCSUYKPYTP1557,Jacobson-Miller,$1978.75,2,12-06-2023,19-06-2023,Booked
1HzpHMzosFxb7xUn5BWwpaxRSX9514Z9vK,Prosacco-Goldner,$4375.52,1,17-07-2022,21-07-2022,Confirmed
1PQgxTQai2WMDQPBYG64JYWrEz33c9wfgA,Torp LLC,$2429.03,4,28-12-2022,01-01-2023,Booked
1P5cRENR6a5Y8kRQKrNgXwhTLqjJ1LrXt5,Baumbach and Sons,$3371.58,5,15-09-2022,18-09-2022,Cancelled
1GeCe3GxMJQFEo6qv6RZmc65bfivZcsSpS,Ruecker Group,$1974.29,5,21-09-2022,22-09-2022,Cancelled
1LCpftWwKw3v9QgDuaXZBUothNMDmYXuSu,Hermann Inc,$2323.65,5,28-03-2023,04-04-2023,Cancelled
16sifimN3dAShMz9Sg9JhGu5g5SeQEttMR,"Mayer, Beier and Waelchi",$7839.61,5,09-08-2022,11-08-2022,Cancelled
1FjXkLQNySZzVN7HScJjEvVgEXNrELV3ZJ,Roberts Inc,$7140.12,3,09-12-2022,10-12-2022,Booked
1P3zmojx19EmRaMfPf7LTYfBeDxnixD1e8,Pfeffer and Sons,$7808.54,3,10-07-2022,17-07-2022,Booked
1Q2b5wGKaqSEMc8Y3LLef74bbhoZJNbTfZ,"Ratke, Reichert and Hickle",$1735.49,2,17-11-2022,22-11-2022,Booked
18UzinYWhCHWdoJiDQ6Da1U7GoTfPmjE3E,Kemmer and Sons,$2312.29,1,14-02-2023,21-02-2023,Confirmed
1CAG5cX6qdGsMs62bFPrcjDyzMmuUTvkh7,"Pouros, Stiedemann and Dare",$4177.86,1,10-03-2023,17-03-2023,Confirmed
1E516KQUqKq4YwzX9fM1LLHP6LWGesYU9r,Wehner Inc,$2453.29,2,21-12-2022,24-12-2022,Booked
15XEd34sd4xKkB77grAJ5315cvU2BHuRcE,Schmidt LLC,$9103.80,3,06-07-2022,09-07-2022,Booked
1Pe91MvdLjkQmoKVwqMp12stst5apkrj2z,Romaguera-Crist,$3700.41,4,16-09-2022,20-09-2022,Booked
1GZ4FwQvdrGErXG7iZuqGutZBbg1g7ueqi,Deckow-Metz,$9681.37,3,30-01-2023,01-02-2023,Booked
13H32SbjMiE62CJPZ9h3J6z9zxqpYsFpvg,Pollich-Ryan,$2248.84,3,02-02-2023,07-02-2023,Booked
1E7tTW7NzcQw87e3HzS1SSPRaEyyWpdDFX,Hane-Reichert,$2625.41,5,30-01-2023,01-02-2023,Cancelled
19CrQbxg8T98Ar4dMLdjTr9tMyd15moXFE,Roob-Wolf,$6467.12,3,20-05-2023,22-05-2023,Booked
1GERB1h8FbaCFT8aVQn3ud73AjEVZGJsCQ,Frami-Will,$7415.63,3,01-10-2022,04-10-2022,Booked
1NxVQBAWuoNgZ83XahhF5JKsyQtKe7Sxyh,"Pfeffer, Kihn and Batz",$455.71,3,12-02-2023,19-02-2023,Booked
1BsBGEF51CT4TUThJVrcPnp8bCkujr7nmi,Ledner and Sons,$3761.14,3,01-11-2022,07-11-2022,Booked
1NsNoKF3HhvxUwgMhBHHDuAgNDDdDB2Gqd,Bruen and Sons,$3421.24,1,05-03-2023,10-03-2023,Confirmed
1ACLUBFfvDeA6Z2sXs1MzXRegFQjwVti6C,"Abernathy, Wiza and Schaefer",$2187.25,5,10-05-2023,12-05-2023,Cancelled
18tdXbeQLUjc54jzpe16Twkrm4quagMgoh,"Labadie, Witting and Padberg",$8801.02,3,03-08-2022,10-08-2022,Booked
1BsdCB1xvi9jk2nzwYWwsGrjWmnbLjaR3S,"Emmerich, Corkery and Fadel",$2562.46,5,07-01-2023,14-01-2023,Cancelled
15iLgv1GYCaaqvkhghJmUwFUKjSS6JAnVW,Lueilwitz LLC,$3778.34,2,21-07-2022,23-07-2022,Booked
1MxZPxmPkPEmfB8qFYKkNEAEStiaHVAWuy,Hilll-Marks,$7010.44,1,15-12-2022,21-12-2022,Confirmed
1PYcmzUU4VgLAuP7PSJ2uYWNEb1PRu589V,Flatley-Maggio,$9768.44,4,29-11-2022,06-12-2022,Booked
1KYfECEhozVwfog6fzvLPEzwpzdHcT2KHB,Jenkins and Sons,$4375.92,1,05-06-2023,08-06-2023,Confirmed
16W96Mk9mveGqjR7prpP17epgoi9mVb3X6,"MacGyver, Legros and Bednar",$5030.99,4,21-05-2023,25-05-2023,Booked
1CfBDuqrLvDGhW8X81dCgn6iXsj62W9T5v,"Ritchie, Jakubowski and Larkin",$2231.00,4,28-12-2022,31-12-2022,Booked
1HTXHFJL43EqesnS2k4DQhTixAWYU1VarL,Turcotte LLC,$2227.70,2,02-08-2022,03-08-2022,Booked
14hAySBMPtE4h3x2kJXajuWNVfZEbBbFCq,"Bernier, Sporer and Balistreri",$4864.46,1,23-09-2022,25-09-2022,Confirmed
149xEmEQgcCbX1rdKTxJXCmt3kybboKgfb,Wisozk and Sons,$8741.76,1,27-04-2023,04-05-2023,Confirmed
17bVj3c3qhpDpMg5H1vXRJgDG5oHmW2jYC,Schulist-Greenholt,$7322.82,3,01-01-2023,02-01-2023,Booked
1Fopch3GbLj6C1UBQzLFbjtv25xC3FeGZb,"Rempel, Rohan and Ernser",$8941.03,3,25-09-2022,29-09-2022,Booked
12kLNjhU2LwmuDAEoXYYVJW2Q6jgPbjUuw,"Ortiz, Thompson and Schneider",$2482.34,5,11-05-2023,15-05-2023,Cancelled
1MwTb7Mt41cR2JDBSGVLtAywfD5WWusNSA,Jaskolski-Ziemann,$3992.45,5,19-02-2023,24-02-2023,Cancelled
1NYYyjQfTEXbuoe5xKhqwKVs5DZVQ1xtPa,Conroy-Hane,$4933.70,5,04-06-2023,08-06-2023,Cancelled
15nqrL32eyxRKbgKBX7t1Tt2jmSTc3NvDR,"Schumm, Streich and Schmidt",$4313.67,2,16-10-2022,21-10-2022,Booked
1Ln8X8CDTXaz6A77zhVYz4UxmkQFbYrDxL,"Reilly, Spinka and Sporer",$1237.04,5,10-01-2023,16-01-2023,Cancelled
18pZXg5q1LsovEpvyycAUT7W63tW53T3UW,"Bechtelar, Harber and Johns",$8106.80,3,01-12-2022,02-12-2022,Booked
1Fj88W62vEHFmztdgQySKPbx8fUR3xbw8M,"Lubowitz, Quitzon and Funk",$2753.64,4,19-05-2023,23-05-2023,Booked
1Afnt2Qwh9AFs91PSFctFxCaESte42TQs,Crooks-Grimes,$4207.76,3,08-08-2022,11-08-2022,Booked
1Cxhzvwh6EPKgb6bnG9aduLWWTSBGy7bDY,Feest LLC,$1681.61,1,06-01-2023,11-01-2023,Confirmed
1JqgRB4wPRtD98tXNkKRYFW8EWH8e6bkeF,Streich-Carroll,$806.68,5,03-02-2023,05-02-2023,Cancelled
1DS9LWdGXiJcJph69gaxdDS8VePtwW5EXk,"Shields, Powlowski and Bahringer",$1626.77,1,05-07-2022,11-07-2022,Confirmed
1K4vDtEp1J76gpxQX35U4RCvNPP36EsgA7,"Rodriguez, Jacobi and Bergstrom",$9230.18,2,27-09-2022,29-09-2022,Booked
1NxaJV7Mc1E5is7oTfZqcnDsFuFgdcB3Aw,Hammes-Hackett,$5924.15,4,04-03-2023,10-03-2023,Booked
183fQQDjHPTJYUXd1LxZAHXU8y46F6Agon,Stark and Sons,$7098.35,3,25-08-2022,28-08-2022,Booked
184JxAsQQVL2KEmfG2NYkHfocutt4SkZJJ,"Collier, Hodkiewicz and Boyle",$7174.30,3,19-07-2022,24-07-2022,Booked
1EANnK1FjgGQLBJ2NVn8xYZWnpCJur2RPg,"West, Howell and Murphy",$7011.20,5,22-07-2022,24-07-2022,Cancelled
1JyT16EiE83TuQg7Bgxm3mknXUmYEsrDfa,Bayer and Sons,$1182.80,4,04-02-2023,08-02-2023,Booked
13nm5o7Z22aLGReZgG5ewKme7qnyUKQ8vN,Terry and Sons,$3087.81,4,20-10-2022,25-10-2022,Booked
17vePcg63nFZ8YZXaYyRDswgCAEZ4wpvuv,Greenholt-Gottlieb,$6912.24,5,15-02-2023,21-02-2023,Cancelled
1DVLjcT3xer18Wo9So8qJA1QF2Wz6HY1z7,Schuster Group,$9589.27,3,13-04-2023,17-04-2023,Booked
16Aob2y75uN5ip5XdmkPErFBMUKcpCgNKJ,Waelchi-Wolf,$916.38,1,03-02-2023,09-02-2023,Confirmed
18dong4NDUs8HkupXJHUWdWBPHEkiAPhdE,Doyle-Nicolas,$9963.26,2,04-05-2023,08-05-2023,Booked
15wisj2SgLwo3SsTQyLrF92LYGaa8UjaTF,Dach-Mitchell,$5563.01,5,27-11-2022,29-11-2022,Cancelled
125gBBGrfFGHERG7CNSHKggxYWXHWNatyc,Auer Inc,$9669.88,5,02-07-2022,09-07-2022,Cancelled
1HuLHQVmP6rmpwUzipRusrdmqcHV3F68bK,Rath-Littel,$9363.98,4,14-10-2022,17-10-2022,Booked
1LDiEDNcKUuhpsHjr7DFdo8wL68zKRRxDa,Goyette and Sons,$6396.11,2,02-06-2023,08-06-2023,Booked
184mv91LZtAUfwDYGLyFdmyQp1b4vFLzrb,Hilll-Konopelski,$9811.82,4,15-05-2023,19-05-2023,Booked
1G9sHGrtEXbxcZDJ554tJpkWn8mwto3rMa,"Leannon, Auer and O'Conner",$4790.67,1,03-10-2022,09-10-2022,Confirmed
1MhzzjTvbTaZbdmwqNuQrfjZ5gKZgFgDFW,Schoen LLC,$4774.03,1,03-01-2023,10-01-2023,Confirmed
13xoPfW9YJVYNQyC7a448jw5R3z21CfUHR,Casper and Sons,$4637.51,4,25-07-2022,26-07-2022,Booked
1TWUbbKkUawfjDQupHRiqntMzgFb2EnKH,Robel-Jacobi,$3756.73,1,14-05-2023,18-05-2023,Confirmed
1G6sonHP1g5551R8EPm8A8bjqdGxBGJajz,Lynch Inc,$9401.54,4,24-10-2022,26-10-2022,Booked
1Gb2LLhwTBfYEmqHihdkwbcXVFP7ykfWNw,Hills Inc,$7439.86,1,22-08-2022,24-08-2022,Confirmed
1NECKPCHeHkRRbbE4F73jhPusViU1q6iq,Prohaska and Sons,$2663.96,4,22-12-2022,23-12-2022,Booked
1KytVinhnUofe8g7EMu1wSWs6k6qH68nsV,Powlowski Inc,$6567.59,5,14-08-2022,21-08-2022,Cancelled
1Nen3EFA5dBrhdYXt4RBWLBdHp9C4HgoWs,Pagac-Stanton,$3908.96,3,23-10-2022,27-10-2022,Booked
1FoJVwXDwtQ9HGCoXATWs1BsDR3o43JY6d,"Wolff, Jacobson and Bailey",$7933.74,4,15-06-2022,21-06-2022,Booked
1E4t3NYefSQNigqyDw3sM5EQfqfWD12R8j,Brown-Hartmann,$6796.55,5,21-01-2023,27-01-2023,Cancelled
1Akc5LJroxkg7Cvcm9W2SoioZVZgFWj7uG,"Kuhn, Collier and Kuhic",$5448.90,1,05-05-2023,10-05-2023,Confirmed
17JqHoBHzm1ybiQUqNeHntYye69Tes19qP,"Zboncak, Luettgen and Toy",$8039.45,1,26-03-2023,30-03-2023,Confirmed
1Du9ArsApZUB3oTdivVP7k4SvAN1jQRGwk,McClure-Bechtelar,$1749.71,1,30-04-2023,04-05-2023,Confirmed
1HXrQ5h4GMNwCjxnANTGQ1bpN65arhqDX8,Prohaska and Sons,$2005.55,2,19-12-2022,21-12-2022,Booked
18Hw2ADt2jxWepJBRMQFg6ScegaW1sv1Ym,Stanton Group,$5256.68,1,17-10-2022,18-10-2022,Confirmed
143jTWpHsGwQgHueCgSdepzeZEYzTCiLkV,"Beier, Friesen and Sipes",$8081.19,3,22-06-2022,24-06-2022,Booked
12FfruLNyXeG2CRiAF4aDbSanogd3Cv3QL,"Wolff, Durgan and Lockman",$9986.13,4,27-08-2022,28-08-2022,Booked
18vSSVuEGDB49gZPi1UdugXzyXbWbF7Npk,"Bernier, Monahan and Beatty",$5533.32,1,30-08-2022,04-09-2022,Confirmed
1KKEuPrScmRUXJs7i1a9mTwYW9wmmaEfPo,Koss-Vandervort,$8968.13,2,23-01-2023,24-01-2023,Booked
1Bf77sDXVeZSkE3pHPmcA5VGV71Lj9xtQT,Dibbert Inc,$5585.72,4,26-11-2022,29-11-2022,Booked
1JELa4gP8fmHQaDbRiJhqcAYfwN1Tnk3CL,Weber Inc,$6901.01,2,04-01-2023,11-01-2023,Booked
1KkjTpo7FVwtmUwkiZvG6qLJZj2urZ2EmT,"Stanton, Cole and Mitchell",$7985.04,2,18-04-2023,21-04-2023,Booked
1Bd3X3fZuUcrrpsjJ7vBJJjhjutdmKWCtD,Kunde-Doyle,$6016.34,1,11-05-2023,15-05-2023,Confirmed
1A8FqQKPqJZBCvWh4kMQWmfqWU9yhQeHSo,Hickle Inc,$6193.82,5,24-05-2023,30-05-2023,Cancelled
1DrJMa5o3mJYzXkg3aZUS83oqbfBZyywvK,"Kilback, Schoen and Flatley",$2684.64,2,28-02-2023,07-03-2023,Booked
1PZhWnrutTvdCfkgnzQ1z65KhkakEDjJcB,Nader-Schmidt,$1534.32,5,05-05-2023,07-05-2023,Cancelled
14zg8ZXZZeAAmXCKgxYezUnMX8fSCdJq7x,Schinner-Harris,$9529.87,2,11-12-2022,14-12-2022,Booked
1AxW2wUg1K55Za1cYJLiW6Ep4T24BbWUmm,"Anderson, VonRueden and Ratke",$4266.14,4,19-06-2022,23-06-2022,Booked
16dfxqumcyw6LjZ4sjmrzddkXAVm6xbULZ,Pacocha-Stroman,$7337.04,4,15-08-2022,18-08-2022,Booked
1KxGnNnf9UbpMJzh3yL5Lb7qxf3WrNVJkW,O'Conner-Roob,$6504.90,2,04-03-2023,07-03-2023,Booked
1HQEFGHeY7u46XuE2qJQLmtFrXyAz7f2e7,"Barton, Schaden and Kreiger",$4653.03,2,20-07-2022,23-07-2022,Booked
16EMdNcn5vQE8WETvAgZWTyHqRPF4StYqi,Larkin and Sons,$3032.01,5,30-06-2022,07-07-2022,Cancelled
1H7i8aLSPUdAZMAfhX11hPtMiwFxfQy6JQ,Fahey and Sons,$1328.42,3,18-07-2022,22-07-2022,Booked
1MPNdpUQhjPpEmvzRdQpoEkMFrKtXJUNwS,Trantow LLC,$1930.94,3,13-07-2022,17-07-2022,Booked
1Nu8nTs1hKUXu4ZAUebzTDfPw3cDDVZTPn,"McDermott, Tromp and Nitzsche",$7916.24,3,30-05-2023,01-06-2023,Booked
17M8WPeGNtvVKnFkrmdfzcAj91Xy3ScuMK,Douglas-Gutmann,$9045.98,3,13-01-2023,17-01-2023,Booked
1jezDE8XTpDdqQPSfpo3xqijXeEQDvm6y,Klein-Daugherty,$2390.06,3,26-02-2023,27-02-2023,Booked
1S7ZxicgcsWX8PRQQwNJyq2jVNrESWaDe,Grimes and Sons,$5959.01,2,02-04-2023,06-04-2023,Booked
1PCyTAXFGtzPMprjgQWJGSGZCBMkpKwa1Z,"Dickinson, Buckridge and Volkman",$8801.72,2,06-11-2022,07-11-2022,Booked
17R2KDWjne4QreLEH31Mm3uY1y3SPFMTgu,"Quigley, Kilback and Schowalter",$6933.38,3,18-06-2022,20-06-2022,Booked
1HNeiNULkkoEp4Z5Y114pXy8qb4ZAH7kLP,"Frami, Turner and Abshire",$1075.49,1,24-10-2022,27-10-2022,Confirmed
1FJrCy7BRPQ4SFK54nW5vfta6STCY8bJFq,Kassulke-Gutkowski,$4738.92,2,09-06-2023,13-06-2023,Booked
1FxvRiavvjcZtU5mHwF8QW9JmuXv8XYXEh,Bauch-Larkin,$7453.71,1,18-10-2022,25-10-2022,Confirmed
1DzwJhaSbqQ29rQaqcBTmks1CGE7szSdAH,Runte Group,$2625.83,4,21-01-2023,22-01-2023,Booked
1DTsmUeh62oPwznXnCEPLHeKvvaPV3515Q,"Parisian, Swift and Gusikowski",$5334.32,5,28-03-2023,02-04-2023,Cancelled
18UMQQVSPpTTWaSs9Gi14Smyk1xKCAuMTn,Hermann-Hilll,$9271.54,5,14-07-2022,19-07-2022,Cancelled
1KGkesFiCafsEWsaqVjh4Pcgn9fEea8wWH,Mosciski Group,$2005.60,1,05-11-2022,10-11-2022,Confirmed
1Gd53AjFcdSZCy6gNywz4x9owUtNQT18bV,"Koss, Gorczany and Stroman",$3367.25,2,23-05-2023,30-05-2023,Booked
1HcLm5B5ta6opnMiAQNnbhSNxpayEWssme,"Roob, Trantow and Reichert",$2012.32,3,09-12-2022,10-12-2022,Booked
15K9Hxtjx1kPB8GGcKCGWm1ectBtQxaCRV,Thompson Inc,$6739.61,1,05-09-2022,06-09-2022,Confirmed
1A44Z5xmCqsp5PU3zDFM2SHecTGSWjjMvE,Lang Group,$1763.35,2,25-02-2023,28-02-2023,Booked
1FKPNtFgXoKWDjeM55s18gyFddM7z4amNB,Ward LLC,$5949.76,5,27-08-2022,02-09-2022,Cancelled
1H4KdSVJWYN1zBQut2XxCFLnLkCbx4PMQx,"Trantow, Herman and Green",$9970.43,2,26-02-2023,05-03-2023,Booked
16rzhJe3YqnLAPmqL413YRF8FkYa7Yhq9t,"Fisher, McLaughlin and Gleichner",$6302.73,4,15-02-2023,16-02-2023,Booked
16J4CTi39L1CMGk6rMRgtCMqo8FcWzddcW,Toy-Daugherty,$8659.92,3,10-09-2022,14-09-2022,Booked
1NLhEN1zy7sY8g5XqsY9ducA5rnk2wtyt2,Aufderhar Group,$7384.01,3,12-05-2023,13-05-2023,Booked
1MWL4J2bZqiLEb3T5nrFR4MxMd6o27wDU7,"Jones, Mueller and Olson",$8949.26,4,27-03-2023,02-04-2023,Booked
1CoYFwtUjSa4RLRVC1qBLr7UZqXomdK6LU,"Cruickshank, Nitzsche and Stehr",$4566.86,1,22-07-2022,27-07-2022,Confirmed
1DkGni2Tsh5MP8Ah8zGdfMvdPHaYmKbu15,Konopelski-Jerde,$4243.69,1,31-12-2022,02-01-2023,Confirmed
1AwADBKshBpAstZbJ1Zbz9CLyza8dJcs6P,"Legros, Tillman and Mante",$6471.62,1,23-03-2023,25-03-2023,Confirmed
1BgSBWqesyfk9jjgkbe4Gij91f69PLUCKy,"Lebsack, Green and Champlin",$9764.78,3,06-12-2022,10-12-2022,Booked
14RCPzEMXUjTB9RKSsEaiWiGJGVtQY3seJ,Oberbrunner LLC,$112.91,3,13-09-2022,19-09-2022,Booked
18UZwgTjSM6CzcGR5uYSfPP6ijBtSztmvo,Lehner Group,$2879.72,3,30-04-2023,02-05-2023,Booked
1AWnqUZgYfPjhTiijLa1v5fMiGVcwSSbK5,Steuber-Robel,$7249.58,1,03-09-2022,04-09-2022,Confirmed
14EpoWrByUENkE8KDtcT9C53ErExUizJE1,"Miller, Abshire and Dickens",$5398.22,5,21-09-2022,27-09-2022,Cancelled
1BnY6PZXQfgT5q8MvVq42Z1JmG1ELGrJSN,Schumm-Skiles,$874.67,1,12-12-2022,17-12-2022,Confirmed
1BoW1DaZHgp2awg95tYSoa9uoVHsniGHT4,Bartell Inc,$8535.26,1,15-05-2023,20-05-2023,Confirmed
1FkAiFC1wEsdGQ4xFKJ41u7mLeLcQQbZiw,Homenick Group,$1074.92,3,19-06-2022,23-06-2022,Booked
1PqTGGWFBbt8dT1BNiFVTYHGq2bso7k5m4,Wisozk-Nitzsche,$7225.37,5,19-06-2022,20-06-2022,Cancelled
1H5hDMkEMoeLizMTkNzG4MmbQWCqnoLkza,"Marquardt, Denesik and Zulauf",$3339.64,4,28-03-2023,31-03-2023,Booked
1JnB1V8UkiLxJaX4Um2SpShLCD74ADpeG7,Bode LLC,$7035.04,4,14-05-2023,15-05-2023,Booked
1EEwz27To9A7HF2VEF5CgWxHjiCyZ7a1w8,Kunze-Bayer,$3901.24,3,30-10-2022,31-10-2022,Booked
1PJTsy1nRq9sKjY3kZ9pGz5GMqgwvTNt4t,Heidenreich and Sons,$9349.29,1,05-06-2023,08-06-2023,Confirmed
1E6wMS3ttmcK7kUBNWJ5tFLLAvJP9a2M3y,Schimmel Inc,$9763.62,4,30-07-2022,03-08-2022,Booked
1MMgvXvtuuSbrcTyJLhUKm4YgJSBGzPoTf,"Oberbrunner, Heller and Ward",$6743.91,1,09-12-2022,11-12-2022,Confirmed
1FbPSCfWJMbnazqQFpEx9noovc8VTcU2dV,Conn-Ortiz,$3666.84,3,29-10-2022,03-11-2022,Booked
13Unfu7JcexTUiVeKgyEiMGMYffQfaq24b,Nikolaus-Lesch,$3802.94,3,10-12-2022,17-12-2022,Booked
1KxChPFbZDgw39QXP4jNQUY2GDAiokAMFz,Beer-Herzog,$5499.05,3,03-04-2023,09-04-2023,Booked
1BhmMNv3FgfTnL87hBTwhToRZatUPDYMsx,Parisian-Shanahan,$4312.04,1,01-04-2023,02-04-2023,Confirmed
1Gb8vyZ1mK173c7NiwDfmN2gMR6D2HGu8g,Abbott Inc,$6370.53,4,12-01-2023,15-01-2023,Booked
1LVfXrivUpYiDtw6u2mAT9ZGXbYsXLUCZu,Schuster LLC,$5172.38,5,17-09-2022,24-09-2022,Cancelled
1MKieY3E7BpT1jXcQfwLbrGAXXEtTDhptQ,Monahan-Bradtke,$5714.31,3,25-06-2022,27-06-2022,Booked
1CzNwaoGZ33o3NbWH8aDHXCTb9YYGBykRm,Sporer Inc,$508.72,4,25-01-2023,27-01-2023,Booked
15fQCwdzRvMUusLmmKsoW178CvF1MgPskX,Parker LLC,$6737.92,3,13-09-2022,18-09-2022,Booked
1L5v3jZZKuoqreewGzFRyAHK6jbPbqW5WS,"Koss, Hermiston and Reichert",$6376.51,4,23-09-2022,29-09-2022,Booked
1KmmPvA4pV7AARqcSusXooFnPQtGFC34UB,Kuvalis-Conroy,$2925.27,4,23-03-2023,24-03-2023,Booked
1QEvp36xNhs2vVt8Qa9WaUHoE6ueEjz8bv,"Ward, Mraz and Batz",$7194.65,2,01-03-2023,04-03-2023,Booked
15HWNTH4Yxt2Gtkz7aQJFqVfrPmAC4qCj8,Pfannerstill-Streich,$9586.38,2,29-11-2022,30-11-2022,Booked
12rq1vaX3HLji7Pdk7DTUP2Dusx9mjcUV4,Sipes-McLaughlin,$6821.59,4,18-03-2023,19-03-2023,Booked
13Gj9gCwTHnW9nbgtK1z1QfDmpXXAVHstk,"Stracke, Hand and Rogahn",$8136.51,4,10-09-2022,13-09-2022,Booked
15GFmfszdDptYT7eCYQcf3i9dhKDZffCGc,"Maggio, Goyette and Bradtke",$7591.99,3,14-02-2023,19-02-2023,Booked
1EePbnvjWhc34ArNPAEEDbiGpje3Ajmtfe,Abshire-Becker,$5345.85,2,04-08-2022,09-08-2022,Booked
1fLxVQH6EKCPkivjnFjHPvuePXrmxp28U,Fritsch Group,$3113.86,2,11-01-2023,15-01-2023,Booked
1GNPwarddohSW6SLoR7FHPZAxf9vQ5ic57,"Abbott, Dibbert and Turner",$7463.61,1,23-07-2022,26-07-2022,Confirmed
15gyXXopvxvSiBd2FCQFd1fcfka5Gway8b,"Runolfsson, Erdman and Blanda",$7586.17,1,14-02-2023,17-02-2023,Confirmed
1PQdwgiDg44dedog8R3ZnhPBEywx3quagK,"Koelpin, Miller and Cassin",$1445.93,4,22-08-2022,28-08-2022,Booked
1JkQeNnpM14fBCKSH8PunTYNuUrchtWUMS,Schinner LLC,$4697.24,4,04-05-2023,09-05-2023,Booked
18pJjvfgAo4bUCeN67TugwRV7PNGJRenLc,Streich-Considine,$9709.70,3,17-06-2022,20-06-2022,Booked
1HNZuCVmEJrnKco3qnC7oyA4dKuMn2xUq3,Heathcote-Lemke,$3250.94,3,12-01-2023,14-01-2023,Booked
1G9TfjkVZZdq75jFne8zfkGhX7XW71p6hP,Kozey-Stroman,$7476.49,5,21-07-2022,22-07-2022,Cancelled
18TFZtEEdkJUhuMAC1KkbJQJCCoPeGfM8y,Baumbach Inc,$2541.25,4,15-05-2023,18-05-2023,Booked
16c3BNDsSrzx1mS6wmMUMczTCJDFBDSDx1,Stehr Group,$4735.27,1,09-12-2022,12-12-2022,Confirmed
1BaGxai6Som3HoynCpyqt6knr8EFfvuXnr,Crooks LLC,$2465.40,5,01-07-2022,08-07-2022,Cancelled
1A9nHxYouTQyFnnMA2P6vqQQjDJbkr7kNc,Bashirian LLC,$5119.27,2,21-09-2022,24-09-2022,Booked
175TY2aZueSkxvuHZvU3R5hbKF8MoagsWP,Kassulke-Hahn,$2710.16,1,05-12-2022,10-12-2022,Confirmed
1Bc2QdwvpgdQKN93U2oNyR7vqdUj5fTkX8,Kuhlman Inc,$2286.88,4,27-07-2022,31-07-2022,Booked
18Q45XBuEiwA6m7z9SJjhHsSNnnJAo2F2R,Keeling Group,$9959.60,1,04-09-2022,06-09-2022,Confirmed
1AMa3jd6ZFBQSAQ21Dh71291b4um4c1c1t,Morissette Inc,$9370.25,2,28-03-2023,29-03-2023,Booked
16j4ttYVhfLrRFW3wwKJxtzwpK2ihixGcL,"Pagac, Torphy and Tromp",$5108.73,2,09-08-2022,14-08-2022,Booked
1MmRoGf19YpqYSUBAnHHW5fPKcvzD5xgrZ,"Kuphal, Hilpert and Rogahn",$8208.90,2,06-02-2023,08-02-2023,Booked
1PTb6ZLRaEs4eV5GcrtWpi5ULFgfHqNCWy,Wyman-Hermann,$1296.40,5,06-12-2022,08-12-2022,Cancelled
18YrfAHZZzzpUFRCAoYxVaQS63St974zm4,Kohler and Sons,$6118.27,4,15-10-2022,20-10-2022,Booked
1ENDJvFQYAHbhy7W6o5URt3u2Ci7bKxBba,White Inc,$1141.11,2,23-10-2022,24-10-2022,Booked
1MFYvVMwxzK4d7FxqXaqkt1vgvpzFFdA4k,"Friesen, Will and Marquardt",$1376.12,5,13-09-2022,16-09-2022,Cancelled
15YYnb7PsxbcCos5TJfgJn1aC6inGXUh3G,Emard-Toy,$2053.30,2,04-07-2022,09-07-2022,Booked
18fYPKuahyckFjgL5VeYkFQcpEZLVxw8Ax,"Grimes, Morar and Carter",$1377.61,4,02-05-2023,07-05-2023,Booked
157PCeLjHkYcFPVQKDbbrb7dGX8PfWVqTz,Hagenes LLC,$1662.15,5,01-04-2023,02-04-2023,Cancelled
15eyyy99MzcRRhpA8CDWg69WvJ4FaeJrbj,Hodkiewicz-Tromp,$5901.32,3,31-12-2022,04-01-2023,Booked
1HW23tsErFZQGWHUidgxghfpprvUGHedas,Grant LLC,$5545.18,4,02-12-2022,09-12-2022,Booked
1hP8DajMm7t5VyKziFqUPSP9KksQy2dHn,"Schinner, Osinski and Waters",$4958.35,5,16-02-2023,21-02-2023,Cancelled
191QGm6dWC9fCs79EoFS2ct67LpVVjWS9T,"Zemlak, Hoeger and Cremin",$9006.17,5,06-09-2022,12-09-2022,Cancelled
1FDEEDK8fS6Ec5S9m92fvrCvsJbVytUEJQ,Daugherty-Dooley,$7749.62,1,09-09-2022,14-09-2022,Confirmed
14bGSNAYnEipJJ9hmgVVFW6HJmw4XLhJLj,Stracke-Reichert,$2271.57,5,14-05-2023,18-05-2023,Cancelled
1N5V6hvpaZEivq6F7VCHeAmQzz67xM49a6,Harber-Kemmer,$8280.99,4,05-01-2023,11-01-2023,Booked
17qpLmQD6cBr36NGGnwBjo8S7NXPYrMrmt,Schneider-Adams,$8346.64,4,08-10-2022,11-10-2022,Booked
1MDLTB2xDLsQiy2mMnFTBtSWSUijRu8wUw,"Beier, O'Reilly and Schroeder",$8020.16,5,07-02-2023,11-02-2023,Cancelled
12gtf9LagYPaT3my6SLjwYZLgJxu1RLnv1,"Schowalter, Harris and Zemlak",$4421.78,3,02-10-2022,07-10-2022,Booked
1JboFX9XqgtHw4avTcMHjvBUE7Ar5LDG9Y,"Rohan, Daniel and Buckridge",$8731.15,1,22-05-2023,28-05-2023,Confirmed
15HUaUajnYfo28ZcBN4LhKkE9wactnSB9F,"Hoppe, Rolfson and Predovic",$6877.66,1,05-01-2023,09-01-2023,Confirmed
1CTa3uwhXuGATjic7PibcTqg54S8LUMTRa,"Mann, Hudson and Parisian",$5597.65,3,14-05-2023,19-05-2023,Booked
1yWjDr3SoD14AJxx2oRkKtcez7AVvaEa2,Stark-Farrell,$5887.90,2,17-04-2023,23-04-2023,Booked
1FZfwxiTm85XtQA5s4y7C4Qx5UEciTsdnK,"Rempel, Brakus and Stehr",$4688.92,3,08-02-2023,13-02-2023,Booked
16rgfb42uoDAVGLbgShRD2xBPGVirixBZW,Lakin-MacGyver,$4518.69,4,26-04-2023,03-05-2023,Booked
18xR3QMVdvBhKomTepVnvc1nKjA9ZDQ7bJ,Feeney Inc,$5163.50,5,09-06-2023,13-06-2023,Cancelled
18GTwn3xMoDdENtG7Cn6H2rFdEtM1XrVmA,"Schroeder, Lakin and West",$3079.24,2,22-11-2022,29-11-2022,Booked
1QLGMGqN2ovCmEu7gBwDwr96Y7quRXygxN,Jaskolski Inc,$7585.60,4,23-06-2022,27-06-2022,Booked
1NMzw26hiDmsadaNWKPtD6PtrNhNFnvgHX,"Kunze, Schuppe and Pagac",$7988.11,2,16-10-2022,19-10-2022,Booked
16WTRYFW9i24CiX7Ntr6qieTiGaktusL21,Cronin and Sons,$904.42,3,02-12-2022,04-12-2022,Booked
16iKaqRfbvXBrnnvmnxwNmVPBh4wv9cjYL,Ward Group,$5274.58,2,03-07-2022,04-07-2022,Booked
19sJWH38gEfSXb2sSrGMSRvjYj26w6EFBN,Feil LLC,$6466.79,1,09-06-2023,11-06-2023,Confirmed
15HZAq5FiA79W2m8i47V7BRwnfinnDBJjq,"Koelpin, Greenfelder and Thompson",$6792.28,1,04-05-2023,07-05-2023,Confirmed
1JZcS3FaKoz2unTrrSoyd8fKocUv46arLb,"Lueilwitz, Bode and Ondricka",$6045.37,4,02-05-2023,04-05-2023,Booked
1PgKABo58gyeynMpvdN33XmgRvDEbeA1zL,Wunsch and Sons,$1663.86,3,28-11-2022,30-11-2022,Booked
18F71NaF25XZTWtB27NubfvvwH8ZZXezJn,Howe and Sons,$7850.25,2,14-11-2022,20-11-2022,Booked
14rYYyx5AchDogidzxbWrjb1f4rbsh6Rja,"Padberg, West and Williamson",$7158.72,2,28-07-2022,30-07-2022,Booked
18EMtgZuCxxMxB5gy2SumCxCjLUqbbw9y4,Kohler Group,$1563.87,4,03-02-2023,10-02-2023,Booked
15y6VWusCfRt2y5pWSpRBPNYtPbQCYiefy,Runolfsson Inc,$451.28,4,26-11-2022,30-11-2022,Booked
13aPxjgkHK8x4jXT2NyWu4Bu8HosR29aci,"Ryan, Jast and O'Connell",$5252.44,2,23-04-2023,27-04-2023,Booked
1GB8KY1ycpGPRSXKRGs4nAz3UiZBitEuUS,"Dare, Leannon and Friesen",$9052.36,2,05-02-2023,11-02-2023,Booked
1C7tRiSE5qAVhStWAM8RjA3EvouJ41Nybj,Krajcik Group,$6407.31,1,15-02-2023,16-02-2023,Confirmed
1Hsxbnk9K5HAWVdBtJE92zcCiq3z95jTek,"O'Conner, Bergstrom and Marvin",$8434.81,5,08-07-2022,12-07-2022,Cancelled
12Tkear78DjPfn8ZDJYuCU1PaJtGCmKKNW,Kshlerin and Sons,$819.36,3,16-10-2022,18-10-2022,Booked
1HwHmAaBU8m6yBFvVG5SrTxrxQESjgCrYT,Kessler LLC,$5350.64,3,31-12-2022,06-01-2023,Booked
14fnoQNoGrUSuV9Rp8zW93iZwqGQy4YRKH,"Hettinger, McCullough and Crona",$9806.02,3,30-06-2022,04-07-2022,Booked
1PDtAZFtqNLd86gwzrGe6iTFVBnNWdBMxJ,Schoen-O'Hara,$9616.72,3,29-05-2023,30-05-2023,Booked
16zAbRxEKT1Hdos4T3k9pKbBztnjynzzdw,Huel Inc,$3302.45,4,29-05-2023,01-06-2023,Booked
16d1JQqcqdVThBYzKBRyantrZ2HgvgxHq8,Welch-Thiel,$9206.24,2,21-08-2022,28-08-2022,Booked
17toP58pJxz2GdBWqeszWMson2ZiQQxux2,Gibson Group,$7056.43,3,28-01-2023,04-02-2023,Booked
1DqV7vdTqnYPQ4aCCZa2zitsaneeSngUKo,"Spencer, Satterfield and Hettinger",$7164.10,3,21-05-2023,26-05-2023,Booked
141mBackksH6C8EpMLrbVz5DAXhcQ9Za3d,Bauch LLC,$6271.94,2,28-02-2023,07-03-2023,Booked
1Ps3xvwqzvQDo6PJa3hChFj4XU7TUwQ6Sb,"Waters, Mertz and Kautzer",$2807.50,5,27-04-2023,04-05-2023,Cancelled
143jXiuBhg1DmpVhfeGAGWeKDXpWG6GzwX,"Sporer, Volkman and Beahan",$3415.85,1,27-04-2023,28-04-2023,Confirmed
12LC35xur5fRjwV7Nhrn1Np37jcyDd7gQt,Williamson and Sons,$2266.01,4,04-11-2022,11-11-2022,Booked
1HJJ6E4if5HoFVyr7thFj2DgYfSjX1hXfU,"Watsica, Heidenreich and Kub",$6754.23,1,23-09-2022,24-09-2022,Confirmed
1HUW22FaiWFajsQc5kuJbQwiXLr7ejEgTP,Balistreri LLC,$2641.58,2,11-02-2023,14-02-2023,Booked
1M4zKVJNTvp8aBWL1vx9LcpLqeCDqTk3t1,Schaden-Gleason,$103.43,2,18-11-2022,23-11-2022,Booked
13XRUb5w9wHFZBXdrGUMqVwR4vJC23LQFg,Roberts-Shanahan,$6898.09,2,08-01-2023,09-01-2023,Booked
1KxLFKEhghYZ1a1FwSWe2vyhGZRV2dfKD4,Terry-Hettinger,$3204.18,2,13-06-2022,19-06-2022,Booked
12nsBBzBJFuV6QXWn23TdpVWtroDT656YF,Waters-Barton,$4456.43,1,19-04-2023,21-04-2023,Confirmed
1Hi5Uc4cgjwrtG11UiwZYmyAfdM8ePEPr6,Parisian Group,$2423.21,4,10-02-2023,13-02-2023,Booked
1KzcFiuCsQfrvVyUga7uG4qgiT8ovq6z2C,Muller-Ward,$8778.31,3,12-08-2022,16-08-2022,Booked
1ML5cDzcX2tUaUns26nebTr8QsvjwYtTmu,"Bernier, Sawayn and Lemke",$8549.53,4,06-07-2022,08-07-2022,Booked
193XwqgaUwcWaLLe75LmwJvVC82WiB33zD,Ferry-O'Connell,$3583.67,3,19-04-2023,23-04-2023,Booked
18fdp4ng9h5qN8vLo4o2jmABNFdgUB5THQ,Cummings Group,$744.38,2,01-08-2022,07-08-2022,Booked
1CTtxTDLVBJsMAGDQ48R8anjjAwpu57Hbo,Dare-Hartmann,$4312.56,3,06-04-2023,13-04-2023,Booked
12xSkaGTDqtNZLq1SVPNCn9G28Af58ixqc,Beahan-Runolfsson,$2916.50,4,12-06-2023,15-06-2023,Booked
1JRuD8UmxtCUgpF8MUfoNi1ueXeNuTfN4j,"Wilderman, Langosh and Wiza",$7075.42,3,15-05-2023,22-05-2023,Booked
1NtbRBfvXcb5WkqUYW7JcxuZMGNW7uaRYt,"Rippin, Kuvalis and Johnston",$4295.67,3,26-01-2023,27-01-2023,Booked
1KqFU7ERbP9cRpK5QJMGZHUwZiLoPd8NBS,Raynor Inc,$1868.19,3,04-06-2023,10-06-2023,Booked
1LzDMZf9UJuHhkk1QqAHzaSDoVa531zjQg,Rippin Group,$2131.78,4,19-09-2022,26-09-2022,Booked
1GUvhCrAP5q2s9syMg7iZHNb4g9VFZ9axf,"Sauer, Gutmann and Wiza",$2273.46,1,08-10-2022,09-10-2022,Confirmed
18VLYD5H5yVZ76SiiwY1j1i8jegxiufFcY,Lockman-Schmeler,$2093.04,4,14-11-2022,18-11-2022,Booked
16auYkG178qq771Z63g5JahUPgdgrzeX89,Turner LLC,$8485.93,1,30-11-2022,04-12-2022,Confirmed
1BunVETfVotMNcomY19kxs6e8KvYr7xftU,"Mohr, Krajcik and Kub",$7189.14,1,31-12-2022,03-01-2023,Confirmed
1N2Z93eb9a6YMZJKocrHtQsbeTPLmKSuKP,Carter-Sipes,$7269.89,3,17-06-2022,19-06-2022,Booked
1NiPgKibCLMz7j7CooQ6NAinENrXFuk112,Schiller Inc,$6359.76,1,25-04-2023,28-04-2023,Confirmed
1EXbde3KWGYN1PfwsT9xRkxxsJMuRbk8qj,Greenholt and Sons,$2996.07,1,16-09-2022,23-09-2022,Confirmed
1JoveWBPBaD3ZMJLmoVDNWYcTma2qRMMwo,Hermiston Group,$9001.31,1,11-10-2022,17-10-2022,Confirmed
1JqdBF8a7nyHanrmu1pf3PueRjASZitVxx,"Kuphal, Adams and Tillman",$3730.44,1,06-12-2022,12-12-2022,Confirmed
1BLi3obtd8x5MzhLmqdNYxHtPSFQs5YVzP,Predovic Inc,$9168.66,3,23-09-2022,25-09-2022,Booked
1Bxe7T12CeNnNmaWHxkTRZMFUjjJEPzMxZ,"Robel, Rohan and Reinger",$1971.68,4,16-08-2022,20-08-2022,Booked
1P6BBexTTpV4Bwcyh3zsC9DL6eFizQ8V7q,Ernser Group,$4120.81,2,08-03-2023,12-03-2023,Booked
1NVKmoeKv3LjoWg7pvKjAXEHrWayryow8E,"Nitzsche, Hegmann and Cartwright",$9534.28,5,07-01-2023,09-01-2023,Cancelled
1NEY9gKRzJVoSWLoY7vky765wGDaWn8bzA,Jacobson LLC,$3344.87,3,12-05-2023,18-05-2023,Booked
1PLAiPdMS9sVd9mzfMLNv6NysFVNnnxtmz,"Schinner, Nitzsche and Mitchell",$637.52,1,27-06-2022,03-07-2022,Confirmed
13wZiKqarSUoJv7XKd98BnqAKY1PtDTbxc,"Emard, Sanford and Cruickshank",$7156.18,1,09-06-2023,10-06-2023,Confirmed
1CJgPTyxb8JK91VPSNgkybx8nsTyDakJFi,"Strosin, Breitenberg and Graham",$3481.18,5,12-08-2022,13-08-2022,Cancelled
1GdTBtgK9eFktaXUtUSC6FcNxJ6ofNjnvZ,"Kihn, Parker and Muller",$2576.86,5,07-12-2022,10-12-2022,Cancelled
1DfqroGmjZtFsPRcnMvewXVZNU3Qx9yjkZ,Erdman Inc,$3032.41,2,25-01-2023,01-02-2023,Booked
1McK4ntcPZtoBbPHmLEk8fbVebFdzJm3xB,Gislason Inc,$5594.02,5,08-11-2022,13-11-2022,Cancelled
19qcosJhzGfq9CWZT3kx1XRPmc7hxqhD9s,"Tromp, Dietrich and Jerde",$5034.48,5,10-04-2023,14-04-2023,Cancelled
1QEwsa8CC47d9supKPJ9bNjyFq1hyy536r,"Spencer, Johnson and Schmeler",$1768.34,4,21-06-2022,23-06-2022,Booked
195iM1UyEm62vGTNWqupFMrAvBtSknAqEr,"Boyer, Streich and McGlynn",$6913.74,4,29-03-2023,01-04-2023,Booked
1Q4HvmTQBthjBj3SeK2Vu9rEQZnX6EbUa,Langworth-Cruickshank,$8269.69,5,20-02-2023,27-02-2023,Cancelled
14oChKVGRpwJGLV26KC4HtxfPhMQWRznqH,Will-Stoltenberg,$8813.32,2,30-06-2022,03-07-2022,Booked
1Khm43jtsNn6fUKv422KDV5NdNKvvPAGqH,Kessler-Spinka,$3286.48,3,08-12-2022,14-12-2022,Booked
1LC1srhdeSeT77yK9w6HDfKydbpZcwgwo7,Littel Group,$1611.95,3,19-06-2022,24-06-2022,Booked
1DL2rgyv3WyZpaYFAKwL96GqH1iA5Mw4Hy,Nolan Inc,$1060.64,5,28-07-2022,01-08-2022,Cancelled
1GiW9Fr4gQbsKFK8oKV3KPUJdUWKTH87LC,Lind-Grimes,$4470.35,5,10-03-2023,13-03-2023,Cancelled
1MgkSDs9wK5UkWGd2H7pr4f4GcDHZDveNn,Miller-Hoeger,$4427.41,4,26-05-2023,02-06-2023,Booked
1J9He6oURYPq4piMgERnD9Y9Z8SaoyDT3q,Cruickshank LLC,$577.67,4,05-02-2023,11-02-2023,Booked
1NBpVu7QDdLr9bgAVsqbHFbp1f6gmnaTVy,Boyer-Ledner,$6590.42,2,04-06-2023,07-06-2023,Booked
14tGjfpdWzyXhjaBNpf7xzWLjpkpcYu7am,Mohr-Okuneva,$7379.82,4,11-06-2023,17-06-2023,Booked
1D7cM4683epuy6oQErQR4mbTMzTsqsoBmU,Swaniawski-Reichert,$6766.06,3,15-05-2023,16-05-2023,Booked
1EcQJ9wEkWrTC3J32nmhTx7gaqCVVCfafY,"Lakin, Upton and Sipes",$1187.42,5,09-05-2023,10-05-2023,Cancelled
1LvBr3sh4n8sqX1Rs2CGhHdnpbbFWePMpg,Keeling Inc,$971.79,5,05-03-2023,06-03-2023,Cancelled
18vAEeKr7FyimxBtnnwhvWmFXDzwXqTTr9,"Collins, Greenfelder and Abbott",$3990.31,4,01-06-2023,08-06-2023,Booked
122osqEQ6JkHFUKgf5pdVc5qdgzYw8bcHx,Hills-Gerhold,$9113.51,1,21-12-2022,22-12-2022,Confirmed
1P8m3w6SeS7NFoB3hEx3m3mrEpTNqUardf,McGlynn-Bogan,$6677.15,2,11-01-2023,16-01-2023,Booked
12WWArsAnkNHDXJvUBHo2C2YHDyhvEeBDX,Crist Group,$7058.47,5,14-08-2022,15-08-2022,Cancelled
17cxwKHTDakqNo1eVPXzZe39pg7v4H3qSj,"Jaskolski, Senger and Botsford",$9427.40,2,25-04-2023,01-05-2023,Booked
1G8bHH7eSaej7TzTEwC1XcXDGFgk51i5Rj,Quitzon-Reinger,$8523.28,3,14-07-2022,16-07-2022,Booked
1MU4mg9V1JJWxhJUEcurCDCPburu198QoU,"Marquardt, Rodriguez and Adams",$1696.32,3,07-06-2023,09-06-2023,Booked
1Ghvkgdvv5SFF1s2rn4gBwfMNuUmLCnszU,Hoeger-Stiedemann,$4675.33,3,20-02-2023,24-02-2023,Booked
17NcUQ55gkqpDvFVP72USHUUcqCFunkxXV,"Labadie, Block and Hand",$5257.88,1,09-11-2022,15-11-2022,Confirmed
1FLDA46xhgk4a1a8T4hiQZEDeuyKkd7EHx,Wehner Group,$1546.34,1,10-11-2022,13-11-2022,Confirmed
1F7Q4jKXayXxs95hYU1HEEfPhhdNnV7jQy,Ortiz-Rutherford,$7941.77,2,21-11-2022,27-11-2022,Booked
1ECQgTngovmVC2FUFrFmSCKiZ12FHP3EvC,"Murray, Sipes and Hartmann",$2176.39,5,06-06-2023,07-06-2023,Cancelled
1CCkQy7aXgAEnC1ZjW72d95S9snvjLmTa9,Hilpert-Carter,$2378.51,4,26-12-2022,29-12-2022,Booked
167CzUV1Hx95B5RMz1R6Pu4y1oCcaUL4VS,"Spencer, Gleichner and Douglas",$878.49,1,18-09-2022,22-09-2022,Confirmed
191M5ZUdpW9GEbGXrCuscpiVmMnGQVfMZy,King and Sons,$238.47,2,07-06-2023,08-06-2023,Booked
1GtrYw7rEg7KP9jMiL6DofnAAg8me4zRbh,Koepp Inc,$6660.00,5,16-05-2023,20-05-2023,Cancelled
154FiePnrLp3j5167NSbWbVinAFBmeEpXJ,McClure Group,$504.87,4,22-07-2022,28-07-2022,Booked
1AszbTvWqJHocDfm2aTn2j6xTNp6j3Ndcr,Jacobi Group,$9964.95,2,05-09-2022,07-09-2022,Booked
1JfWP9KvN2Db9B5rrauMGXcpTeMa6qUkAc,Feeney Inc,$7640.93,2,12-05-2023,16-05-2023,Booked
1FeFKGVUn2knHipL8qfWq7YVjGP3Rn4ox2,O'Keefe Inc,$5455.56,2,01-06-2023,07-06-2023,Booked
1Vt6VYrE7wYwotYzsMSzPndzzcAbXFHDU,Bernier-Larson,$6345.49,1,14-11-2022,15-11-2022,Confirmed
164MWKWVZBD5Fr3j15BaFNk8jTb625fdtJ,Tremblay-Heller,$1723.34,1,30-11-2022,07-12-2022,Confirmed
1AMfcb9ZgnRA5wXkxcpSPpsuoZ892Ti34S,Bogan-Schowalter,$8487.77,1,20-09-2022,21-09-2022,Confirmed
1tXfYQAuj8JEALGfGmWf42jwMR2oKHsnH,Bashirian-Dietrich,$3606.68,1,12-02-2023,13-02-2023,Confirmed
1N7r3XJRcdBij71jLzCAjsLT8iAi5TQeQ7,Stiedemann Inc,$7190.55,4,04-09-2022,05-09-2022,Booked
1J93XBvG953LuRvEz87psLeRxbXRHwvkxP,Wisoky-Armstrong,$6772.85,4,08-10-2022,11-10-2022,Booked
15vXE3k2rAjuNAD6Qx8ZWFcve5BVAd329N,"Rau, Hermiston and Raynor",$7487.15,2,13-02-2023,17-02-2023,Booked
188Rux8xka8YNHHqPJ7SnrkuSHYgZewpux,"Beier, Labadie and Cole",$2177.89,3,27-01-2023,31-01-2023,Booked
1H5mC2r4FR3oa2EzvCmaMZNPPzBR1eVzgt,Roberts-Weissnat,$7243.72,1,21-07-2022,22-07-2022,Confirmed
151dAbQnMfzG7ctf3i2ijzwg246bHwsSy6,Durgan-Goldner,$2184.35,4,17-09-2022,21-09-2022,Booked
1LUhJYxV7RMu7DfhuuMu4tn95A6VghkgSh,"Bradtke, Crist and Hudson",$5517.51,5,26-04-2023,29-04-2023,Cancelled
1McWYe3o5qDJZQK4KEmYwXz2BX14a6zrxU,Parisian and Sons,$1538.66,3,11-04-2023,18-04-2023,Booked
1B5yrEUGgk4xU1LnvtxXunZKAsx6VSUfPW,Kuhn-Runte,$7578.53,4,19-05-2023,20-05-2023,Booked
1N57eFD6iwdBVAcpmQ4mMnaMw2uHKTCXkh,Schultz Group,$5976.22,3,16-12-2022,21-12-2022,Booked
1G8F9PhBvPVgi17WhxbFqzHuGkATqtKPQJ,Collins LLC,$6522.07,3,22-04-2023,24-04-2023,Booked
12KNQfBTHbmVxu6BpbZsWAc1x6d2UaVzLG,"Parisian, Bogan and Bode",$6878.44,4,16-06-2022,22-06-2022,Booked
18utiPnFrCQNiGesGHxQrLN8Li3b6yZof7,"Huel, Williamson and Conn",$5429.94,2,06-06-2023,10-06-2023,Booked
1LuMi8dgW2zFMGidTgeQXTQDk7JHCNzQ8e,"Hilpert, Hessel and Friesen",$2222.53,3,19-01-2023,20-01-2023,Booked
17oZ6dvA8tmCoGTCAF9x1wrkuYrsRA4dan,Runte Group,$1520.71,2,22-03-2023,27-03-2023,Booked
1MhFH2Wff8iyk14tKJAbQkmzYr9GwUVqy8,Wolff-Auer,$6694.27,1,20-03-2023,23-03-2023,Confirmed
18za3w1kLCKnERM6nGpHgTXE5C3LwXjJXK,"Beier, Bahringer and Cremin",$1681.61,3,08-07-2022,10-07-2022,Booked
17FPRXrE6mTAiWCSXfUyxx4FyV2xFEdSbq,Barton and Sons,$8236.09,3,24-09-2022,28-09-2022,Booked
1HBRgojnTUvX3xHQpUfgbX7hkCQBGv24Gz,Kertzmann Group,$3280.18,4,25-08-2022,31-08-2022,Booked
1GshTkG62rv69vtHG8yXa9ULBqHMEwcNPd,"Padberg, McClure and White",$1798.02,1,03-06-2023,10-06-2023,Confirmed
1KCBdjkUMjqvLJJGAkir6u75G5GVJjNZvj,"Funk, Weissnat and Roob",$956.57,1,14-11-2022,18-11-2022,Confirmed
18fNUbsR9Nd8FrgjT3G3PcKVPPdWswjnTH,Corkery Inc,$7212.15,3,09-03-2023,12-03-2023,Booked
1AAgXzCt6QFTzvFT1im7yAYBdWMPHQeHvY,Parisian LLC,$6790.89,3,24-06-2022,01-07-2022,Booked
13xdHqh6SH9oPJzrHJvnuVBSWg1fQoCCCv,"Auer, Champlin and O'Reilly",$6666.86,1,16-04-2023,23-04-2023,Confirmed
14BjptFZgyTtyknYajMgZ5JzSCi9S1xJZX,Funk-Nader,$9014.87,5,23-05-2023,29-05-2023,Cancelled
1KBBFa83A2GUNs4d8bdux8xqWEWJ4Abuto,Frami-Heidenreich,$2931.60,4,27-04-2023,29-04-2023,Booked
1PKdU8dzB8wmwqAkrB6bQabptyiu6REV53,Hamill Group,$2353.54,5,23-11-2022,24-11-2022,Cancelled
1EbM5V42NXQ5P8v8vAEKMpLjUXTygLjEmF,Kulas LLC,$9046.62,4,09-08-2022,13-08-2022,Booked
1HBAMeydXcA8xadNxKtj689ZPo6L2akF55,Witting-Pollich,$8422.83,1,08-05-2023,15-05-2023,Confirmed
1KrUhKdyvN1cEnFDjy5pxaoaZLkQha47kh,"McClure, Spinka and Stamm",$662.95,4,16-10-2022,21-10-2022,Booked
1KKG3PFZirqy4L1NiNii3qgJQEW1dfN5xx,Zemlak and Sons,$9865.58,5,20-02-2023,26-02-2023,Cancelled
1DVTZf5RkgyY9PtdGPLD4E77EVZ4PjBQZT,Keeling Group,$7092.94,2,28-05-2023,31-05-2023,Booked
1BBJnXbpe4ghzFJU3mysEQm3mZE37aq9zW,Stehr-Jacobson,$6463.45,4,25-09-2022,26-09-2022,Booked
1DAuAiBiwZTqbHnrAB3QYNwNrmmEJ67Haj,Beatty Inc,$1736.52,3,11-06-2023,18-06-2023,Booked
12qsknMGdWp6HpAzhLU1jyXjwbDbpp1fE1,Streich-Altenwerth,$9726.07,5,17-12-2022,21-12-2022,Cancelled
13zdKwJdfVs5wm1QxQGyZiCpffDfdnsb7u,Moore-Greenfelder,$1294.12,1,27-10-2022,01-11-2022,Confirmed
18xgrZU7Rq7JjAnYZbxftW9ZAxv7cDLo9c,Hagenes Inc,$7283.58,2,03-11-2022,04-11-2022,Booked
1HPijcPZAqMQapPHCCABbrH9QksuodjfXC,Cummerata-Runolfsdottir,$5666.56,1,26-04-2023,01-05-2023,Confirmed
1CERQjnKUR5SANDJ8yCPh3QuQ5nNwLnYC7,Kihn LLC,$8448.81,3,31-03-2023,06-04-2023,Booked
13BcnRTty7dL2MVcgJsPhMMhogdUiz9Rmx,"Botsford, Kuhlman and Balistreri",$516.33,1,11-09-2022,13-09-2022,Confirmed
1DC7mAyU3egSFZSHG6KbHSmTEc4wHs78kK,"Balistreri, Kerluke and Beatty",$887.93,3,26-05-2023,31-05-2023,Booked
1kaDyFqWAn1R8aB8XcznDxgnBBiM3KDGt,"Hilll, Dickinson and Auer",$5918.49,4,23-12-2022,30-12-2022,Booked
14zPfqRdYFaNSnV7LzVc89J8yHZWc99yBn,Smitham and Sons,$6041.96,4,04-12-2022,11-12-2022,Booked
195B6veuUsgiop6s4NTWGjZGMxPRyfPc7b,"O'Reilly, Waters and Thompson",$2705.05,5,29-05-2023,31-05-2023,Cancelled
1B67Cg5bmCmas5CAFRjz4yJyPsZYCEhPP9,"Shields, Osinski and Schulist",$9919.91,3,02-04-2023,05-04-2023,Booked
1MiGAyCarH7UZZaYbyiBnNUCADxNzH7dgw,Strosin Group,$7278.18,5,08-02-2023,11-02-2023,Cancelled
1LL4LMa9AHKqtTBGW4thGixMoyhSMrrAaX,Crooks Group,$3616.12,4,17-12-2022,23-12-2022,Booked
12AKeoAPHX74wd6L4GvhUkqJFFbCpqgzjF,Baumbach-Huels,$9672.25,3,14-02-2023,21-02-2023,Booked
14fxRCMTtyWmUEaGzvt3MmtDJVK8QLWs8B,Breitenberg-Schuster,$4592.05,3,28-04-2023,05-05-2023,Booked
1ELwCgDTM6yq16ar713KoQTDArUgt3qDPM,Swift and Sons,$9571.06,5,06-04-2023,10-04-2023,Cancelled
19UJaoLohetKyvPXE7DFxW8bCAUm2bgDnu,Herzog-Swaniawski,$131.03,2,18-10-2022,24-10-2022,Booked
1JZuVs3m9jhnH4huXBcpaf3T1wn8WBo37x,Dibbert-Olson,$5956.58,2,29-10-2022,30-10-2022,Booked
1Lv3R8gBbiTqE1ruatQwc4HjnErtx5uqiV,Jerde Group,$3083.33,3,20-09-2022,26-09-2022,Booked
118uQuD6FhjAemJAT64nUVQNfLykn8o3P,"Kihn, Hayes and Hoppe",$8320.04,3,19-02-2023,22-02-2023,Booked
1DKrDQMB8dW3nrZGBbSAhd2uqP29uFunud,"Hills, Bartell and Yost",$1049.31,3,31-12-2022,01-01-2023,Booked
1KjHUvxDy1kVZkgqRG4i1Zd2xuj4VKmNf2,Schneider and Sons,$3769.76,5,05-06-2023,12-06-2023,Cancelled
1FVpjmpNbgrVHizn8vdJBfYVhSg6T3ngMM,Prohaska-Kreiger,$5096.97,4,30-05-2023,03-06-2023,Booked
1JCesnrFGzUtR2T8rfo837jwaiHra2LBz6,Nitzsche and Sons,$7410.48,1,03-10-2022,08-10-2022,Confirmed
12aRacT5mFBzUvSCvVdXEfPLPdSm613sj8,"Watsica, Heathcote and Jacobson",$7045.98,4,12-01-2023,19-01-2023,Booked
1E8F4zeHpGL1uiUk9uFBYMhk464qFCdwKp,Jerde LLC,$9962.22,3,17-05-2023,20-05-2023,Booked
1EADMv297U1dRwaAKxNJg3Qq3puKEAjtgW,Nicolas-Crist,$7799.90,2,22-04-2023,28-04-2023,Booked
1DEPDaQuy1ZQyXZEJi5hC3hs1n3rBFz11Q,Schmitt-Rohan,$645.95,5,16-08-2022,22-08-2022,Cancelled
1GuoXi7VgxLfUAVzMAeGqy1vrzphhRhsRH,Schumm-Ankunding,$1557.12,5,23-10-2022,30-10-2022,Cancelled
1FvwhEFNTXnhBrhLKUuPvoqYuewpYCUiVS,"Kiehn, Schumm and Adams",$9579.55,3,06-12-2022,13-12-2022,Booked
1CqtQaEC54GkEqBJD5BuZ5c8t3mqsNjDRd,"Nader, Corwin and Ernser",$4649.44,4,21-09-2022,22-09-2022,Booked
1JBXnzixmNjUVXtQoFCcfamzhBUQx5h9tE,"Conroy, Kerluke and Quigley",$8093.74,2,25-09-2022,30-09-2022,Booked
12hJhQ6GZJ1UyqFJ8KecCPg4XEqF3WexNk,Bechtelar Group,$7876.45,3,26-02-2023,03-03-2023,Booked
1NEBCJEz3uz4oRhmeYtee3FHubhp1owRHB,"Ritchie, Waelchi and Rau",$6647.86,1,13-11-2022,14-11-2022,Confirmed
12RSK8Sg2j2xpHpxDA5fpJDSTDNLujDcJf,Lesch-Goldner,$7670.36,4,18-07-2022,19-07-2022,Booked
1PzX8LYEPuWFh8jUDJtApbC3cs2mTpF2cx,"Mohr, Lesch and Effertz",$1524.49,4,03-07-2022,10-07-2022,Booked
1NUKbN7TbP9MZ8HWYsYne7YNoGAmmNqaLp,"Harvey, Block and Murphy",$5463.07,5,04-09-2022,07-09-2022,Cancelled
1DPXcA6fnYENW6Th5T1sbALy2nNU9SQuh2,Pouros-Lind,$2928.29,2,04-07-2022,10-07-2022,Booked
17jgKVreAc6qV4So9Zettm5drE7MfZSBJ3,O'Kon LLC,$4495.23,3,23-03-2023,24-03-2023,Booked
1Gseq5vjhATEW5fjk75RcPD6d7L8oPaxZw,"Smitham, Hagenes and Heller",$2556.97,2,15-02-2023,19-02-2023,Booked
1L8f3ASmzyRvoT73tYDART1wz8mJbToJEk,Sipes and Sons,$3089.58,3,26-05-2023,29-05-2023,Booked
16CA1MzQmQa76frVdt9xodHWVp9msoz5Dx,"Wintheiser, Connelly and Carroll",$5027.65,2,22-07-2022,27-07-2022,Booked
1GVh7Pn4NnrLRVB7kwGPcMoKkPeJihHeRw,Carroll and Sons,$6117.68,1,18-09-2022,23-09-2022,Confirmed
1D3864uUMsM9k55r119W5PnrCmdWSexxks,"Reynolds, O'Conner and Fahey",$8461.35,1,12-11-2022,18-11-2022,Confirmed
1HNpr13sydyZ4BKVQpnAUjbA7ibQF6Eifn,"Boyle, Wolf and Gerhold",$7495.37,5,27-04-2023,28-04-2023,Cancelled
1GGA8L3uNqgxuWh1Ck2HJqk6uq9oiXqaKC,Reilly and Sons,$5978.90,5,16-02-2023,19-02-2023,Cancelled
1FKKyJGfi1hKpzxvZpsyf16ZXqazQeYTzC,Grady and Sons,$6886.70,4,15-09-2022,17-09-2022,Booked
15JwyUpUCVvj8w2Mar1qAGB82K5JboN7qE,"Grady, Balistreri and Strosin",$6948.48,2,31-01-2023,05-02-2023,Booked
1HaVLcyy6tmcpTha74ArGXbHzLdtLaKdG4,Kunde Group,$6858.65,1,11-05-2023,13-05-2023,Confirmed
1Fsuz2EtoDywhimW1ftgV7zvWv9gJGeAZR,"Lesch, Wolff and Bauch",$6862.94,1,11-08-2022,14-08-2022,Confirmed
1GBbYgmyBLdjeosYkzWFXSmA4ML7tBifW3,Parker Inc,$6415.34,2,22-02-2023,24-02-2023,Booked
1QJ8X2GQJA7C8KGhQXTaxrP4Gzvv7pUybg,Kuvalis-Torphy,$7192.32,4,26-11-2022,29-11-2022,Booked
1FFE7pu9SFZjxfPjmTuYiGcEpUj6tih9qJ,Cormier Inc,$8494.67,1,28-06-2022,29-06-2022,Confirmed
1C23zCbK69XUmF55yeBHGsGz7FgjJfop77,Aufderhar LLC,$6345.91,4,20-11-2022,24-11-2022,Booked
1APSuvtYv6LKCoRXGQJPj9VutWyXLU6o7V,White-Kilback,$3402.21,5,27-06-2022,03-07-2022,Cancelled
1No3cQu5xkeEYEWCrQt943HU65XUzJjZWG,Kessler-Huels,$9610.17,4,07-05-2023,09-05-2023,Booked
1AsnXaegUFogfqE56XNU7unGDSoS8TE6js,Murray-Jakubowski,$9069.01,2,26-03-2023,30-03-2023,Booked
1H5atmyEP3XAzoP8BJQMoUaVaYeSm5eoyP,Fisher-Welch,$6782.59,1,03-03-2023,06-03-2023,Confirmed
1J8ytNUEs3p9GwTJNLke6gLfhotrXRVHmV,McGlynn Group,$7920.11,2,31-12-2022,01-01-2023,Booked
1D1GNVHwUoqwFKAj5TFUtNDhKBcXWm45c6,Reilly-Grady,$2028.58,3,17-01-2023,21-01-2023,Booked
1A4xA93B3gwJqqwv3oJnew44shALydi7V3,"Windler, Ortiz and Conn",$9604.23,5,06-12-2022,08-12-2022,Cancelled
1ApQpTCRzF7Kb8BWcZerCRres3RgiVuy88,"Lubowitz, Gusikowski and Satterfield",$8757.44,5,24-10-2022,26-10-2022,Cancelled
1j4K26yXxXUBTrRLPp2AR6caMnhGTZuVa,"Barrows, Lowe and Zulauf",$7730.65,2,06-12-2022,10-12-2022,Booked
1MEmHU9RKiy5YNCim9pPktBwbSCtFc24ff,"Mayert, Ferry and Ebert",$487.68,5,25-02-2023,02-03-2023,Cancelled
16Ns8h36e8wUCNzt63gnLWCY3WzHvdhXWh,Watsica and Sons,$2952.60,4,15-04-2023,18-04-2023,Booked
1E5Kims2dC9SgQn9hhgTaDeaWLAoWrNgAU,Cummerata-Olson,$7564.37,2,30-05-2023,06-06-2023,Booked
1K7DUMLePLapuaWuSAXkLkWoWMbSpsXmMg,Crona Inc,$1831.20,5,28-03-2023,03-04-2023,Cancelled
1L1QdRDUMLR3JkVUd4pW9gZWmK3WLUa4iW,Greenfelder-Larson,$529.76,1,10-09-2022,11-09-2022,Confirmed
1DHAFRXHYnz9FNUhktK9CfaDhswBHgmdUc,"Homenick, Lang and Block",$2055.49,1,28-02-2023,06-03-2023,Confirmed
15RjwjNDH2GEb959a22co6YGTqwVYRgW2V,Jerde-Koepp,$415.25,4,22-08-2022,29-08-2022,Booked
1DbYx6mpiiy3N5F6geBhxqtD6mMCL12q9Y,"Schumm, Gutmann and Marvin",$4061.73,4,19-08-2022,21-08-2022,Booked
18E9c9GBbP6Ra2acRS1aLArWnWLjb4AvTS,Price-Mohr,$3636.40,5,20-09-2022,23-09-2022,Cancelled
1K1b3Dxg4Rj6xXj6fJjTp2Zq2aJAimUfxE,Grimes and Sons,$3627.16,4,25-03-2023,28-03-2023,Booked
17HDcvux6FmUc5ibNWExAq2XX1iZs1ntHn,"Yundt, Hauck and Hermiston",$7748.48,5,06-07-2022,13-07-2022,Cancelled
182MfuuuTBJNbykPpe3ux7GwoNEF2BpzQ,Johnston-Barrows,$5356.00,5,21-10-2022,26-10-2022,Cancelled
1AZiayVdVsnY6nk9y3VbVs47ZpGygMrXv9,Dooley-Parker,$2783.91,1,11-05-2023,17-05-2023,Confirmed
1PWi1Fxv69Ba498uEJNvEvePgcjRwwU7Mw,Cronin Group,$8420.39,5,28-08-2022,01-09-2022,Cancelled
1Pt2K2j85HfpP9WUiSdSGj3BZAUucCE7ng,Legros Inc,$7883.62,3,18-07-2022,21-07-2022,Booked
13kgSeKkXaXArthuyHuRKGYUCZePNVAnJh,Bartoletti Inc,$6727.11,3,13-08-2022,17-08-2022,Booked
1JgzLigDvm21KeLjHb25quMK76rSVS9DCk,Franecki LLC,$8142.08,3,26-04-2023,02-05-2023,Booked
1GH5PyGLERDkefmYKnMbv7DxqV47gWVdBc,Wiza-Morissette,$6859.12,1,06-07-2022,11-07-2022,Confirmed
1PLTXkL2GbFqph2xqjt4HrHfnLRUxNLFg6,Huel and Sons,$6340.62,4,17-01-2023,22-01-2023,Booked
1LHxBU8a42spcaR1xyH49bJn2WTfV2ANyb,Toy Inc,$5038.15,5,25-09-2022,02-10-2022,Cancelled
1NNffQ3t533rXBEnigNCERWNXJzQnsBZUF,Effertz-Gottlieb,$398.91,3,25-08-2022,30-08-2022,Booked
1EUAgbmmgMJqqV6s674R42ihedQD59dpUJ,Hansen-Bayer,$185.03,5,21-09-2022,24-09-2022,Cancelled
1EnEL2q12im1FwGcu7iRSRfU8XfWSRYHiK,Brekke-Lueilwitz,$1998.93,4,26-04-2023,01-05-2023,Booked
1DZe49nXBek5U6cC9hBkyxbSCd4SWvgrWm,Murray Group,$3045.56,5,01-07-2022,03-07-2022,Cancelled
1EtWmrkAhcQfPYbqxdB8UtVL5oCLFXtosn,Hartmann Group,$1989.13,1,24-11-2022,30-11-2022,Confirmed
16RiV1iNMY1JAUSmRp1Dx3rexDtJWYjy64,"Schulist, Ondricka and Barrows",$8750.01,3,04-12-2022,08-12-2022,Booked
1CLUBbSD9iHySkveRQnMz86Z1gBo2dg7Pk,"Weimann, Stoltenberg and Medhurst",$9576.52,3,03-12-2022,05-12-2022,Booked
16qcVdFc24hEohb8HRc8JdnELURuDJQNe6,Homenick Inc,$7771.63,2,08-10-2022,12-10-2022,Booked
13KRnteHrYG2Gj5J8amGXXb1ezre9zrQy3,"Abernathy, Haag and Frami",$106.82,4,09-07-2022,12-07-2022,Booked
1LcwA6GchVypPx67skEhLWUAo5Ki86HmbE,DuBuque-Donnelly,$8012.16,1,20-02-2023,22-02-2023,Confirmed
14nEFiahcAvYykD9ahSBTHyGv4P4fWm99s,Collier LLC,$9859.96,1,03-08-2022,06-08-2022,Confirmed
12ZWtmKkB6g2n2K9J28eJDxYNUkJHB4M56,Zemlak and Sons,$2513.04,4,28-11-2022,03-12-2022,Booked
1Gdr4b8ifv8CgZWYZeJDVNQamuFXzPQqFz,"Sporer, Hermann and Vandervort",$6693.85,1,14-11-2022,16-11-2022,Confirmed
18niLfjGyBRRTHATd27YatZJarqS2xzPcZ,"Effertz, West and O'Connell",$6822.04,2,06-04-2023,09-04-2023,Booked
1FZN6s4c7iS3VCBF9u5V466GjWHyW5yicp,Murazik-Auer,$7923.50,4,12-06-2023,17-06-2023,Booked
1A6sdKsRGdeePkjJkQAopyrPdUW3yXHq7p,Prosacco Group,$832.30,2,30-04-2023,01-05-2023,Booked
19G11P3PxoSPcNyayhM3nEL9nmLty1GMoz,"Becker, Howe and Trantow",$1010.68,1,22-12-2022,27-12-2022,Confirmed
16guzFsZNFxVDY82KyuXjziFJDJEhCQwdi,"Pollich, Rogahn and Douglas",$1988.61,5,04-04-2023,06-04-2023,Cancelled
1MMmq55jBZequbxKRMhT18pScj9idJsGMq,"Roob, Blanda and Rempel",$8085.31,5,13-12-2022,18-12-2022,Cancelled
1HP1C8P1pkYAaL4z8ytGL69M9xQQnF4ewX,Bernier LLC,$3939.28,5,14-11-2022,15-11-2022,Cancelled
1GDrt6AtxR3H4PaSWRW4NPTmp8iK7Hgo8y,"Herzog, Lubowitz and Wilderman",$1946.35,5,03-09-2022,07-09-2022,Cancelled
1LrQTmDk8wUjckFcB8TMNXKsDnJeHWHpwY,"Rempel, Baumbach and Crooks",$6253.52,2,14-10-2022,18-10-2022,Booked
16S6gmZ5MgDQnodGGdQhNfD9t4duCugUeE,"Jast, Tromp and Blanda",$8830.13,4,21-10-2022,26-10-2022,Booked
17zxHf6SQbV4iCW1epu9x8Ad6erz7thLV4,Kub-Langosh,$9527.44,5,23-01-2023,24-01-2023,Cancelled
18LyVrj2kUNVMw5UAadEqPLyNpT8xZzami,Cartwright and Sons,$3532.27,3,31-08-2022,07-09-2022,Booked
1LtRRK2szFg6zqrZiY5Nt5d973hktC5SAj,"Larkin, Kassulke and DuBuque",$251.26,2,15-06-2022,22-06-2022,Booked
1EsXFovsT9L3JYpTuVkh8ao6Wr9H1fPw2W,Ernser and Sons,$4285.37,1,05-04-2023,09-04-2023,Confirmed
1A4e4MGgQw7eTmjMNZvc8NDetYr66ZZsLR,Runte LLC,$6980.45,4,26-02-2023,04-03-2023,Booked
112rGiX9VCLgQyqzmeuySgHz1yya12CQ33,"Simonis, Steuber and Sporer",$624.59,2,05-11-2022,08-11-2022,Booked
1F5eX5d8asdSsEFk84TizR1wak1BjENH5R,"Will, Kovacek and Conroy",$6616.11,4,12-01-2023,17-01-2023,Booked
12jVtJq3cQ5Br6DevCjwkGLA8tvjaFkY5H,Wunsch-Rohan,$2430.34,1,08-02-2023,12-02-2023,Confirmed
15CyYaz6vLJxE4BezdP2qf9hUXys4GGthZ,Conn-Gerhold,$2312.78,4,25-01-2023,01-02-2023,Booked
1A9pq1GQaNPFuGLExn7gkgAkmPnHVaBR2Z,"Lemke, Hahn and Flatley",$7839.58,3,10-06-2023,14-06-2023,Booked
17EqCmp4jtJ2gicBhFF4aBMFuYdeXwZ5te,"Jacobs, Stanton and VonRueden",$1861.61,4,15-03-2023,21-03-2023,Booked
1DALx8xBPGG3wBi3uCB5YGMtgAKNDuGZJ8,"Maggio, Satterfield and Kuhic",$7992.52,5,09-07-2022,10-07-2022,Cancelled
1AUCWZscGsG2NwGnqbj9th41grMji4D1gy,Tromp-Ebert,$1885.89,4,08-03-2023,15-03-2023,Booked
1M5bjwrXc2YSX4KQPDMz6DGDgewXc2WoV2,Hintz and Sons,$7897.92,4,11-05-2023,18-05-2023,Booked
1Jw6BDMc2kN9WX4ZVpZMWu1bjdeKggSQgY,Johnston-Welch,$917.61,3,26-11-2022,28-11-2022,Booked
16HJFLybw7LpymqzVQRwoNESPsVkNGzbna,Boehm-King,$1607.31,5,13-06-2022,14-06-2022,Cancelled
1Q2grhqg1r2zhUc6vGD6ZLNkfCjPknmXJa,Zulauf LLC,$9682.97,4,17-02-2023,20-02-2023,Booked
14m9wB4viiiPQYntPMvh8KiaM6i9MMUCYe,"VonRueden, Donnelly and Ortiz",$5802.46,5,01-06-2023,05-06-2023,Cancelled
1wfD1G3xTuuw4Am7AnThSKbMcJQD4uZoT,McKenzie Inc,$8862.84,1,09-11-2022,16-11-2022,Confirmed
1QDdt1YogpkEg557D4zKocP8XCUhRRnDGW,"Fahey, Heller and Kutch",$6257.68,5,02-01-2023,08-01-2023,Cancelled
1AW9EE4uxU2gBkfrdMmbDKEgDJvjhpuG92,Sporer and Sons,$5878.43,1,17-01-2023,23-01-2023,Confirmed
19BEzSqEXRp4XjUyVG14YHCpSk7YFSkVRP,Prohaska Inc,$292.19,3,11-11-2022,18-11-2022,Booked
17RuATZdKpwtWxVp8CyFVHnJTrVUNGVjKh,Pfannerstill Group,$3945.06,4,30-01-2023,02-02-2023,Booked
1NpRKo4JysyudDqfTVH7d39KQk9YYRxArQ,Greenfelder-Bartell,$2187.60,4,05-04-2023,09-04-2023,Booked
17a5vvQwzzQMZ1J94r3UbScn3ZYQhu3bZ8,Hoppe-Beahan,$3853.58,3,28-03-2023,04-04-2023,Booked
1FMMgmV4ymvMMVRcnBFwbm8Ths7WfdUz5W,Lueilwitz-DuBuque,$1709.52,5,27-12-2022,02-01-2023,Cancelled
1KrKsjDpKZ6QJ66VpMC8d8eTHUjGi13MH1,Schmeler-Torp,$7441.63,2,22-12-2022,27-12-2022,Booked
1QFCwA6ndujv5UyP9C5JwmpbWAsVtbwT3T,Strosin Group,$8412.86,1,23-11-2022,29-11-2022,Confirmed
1Fh9R7zWNNFoJCKS3tTCBEwMvgQwzCPX5u,D'Amore-Bins,$5962.42,1,28-07-2022,29-07-2022,Confirmed
1ELrKAvFnGVhBYT82NBjpabEZ2EzW9mh9r,Lueilwitz-Keeling,$1237.71,4,02-02-2023,06-02-2023,Booked
15dW6mnttR3CZFN5ibCcEzHhwPbTLRKiXT,Stracke LLC,$3955.92,4,16-10-2022,21-10-2022,Booked
12iZV9CJfRwZhLUn5dhdhgnPR6d7hw2KBR,Pagac LLC,$3566.99,1,21-10-2022,27-10-2022,Confirmed
16wqji2A251uVuw2eKaF47ymhy6VDEZkfX,Parker-Howell,$3594.96,2,28-07-2022,29-07-2022,Booked
1UUX2vVvFvN3Ge3dzdkJupMLvCAnL8wUR,Schultz-Lebsack,$4974.56,2,04-11-2022,09-11-2022,Booked
17rUFMFw2LSPwBvX5o49BzLeRYPLWcmTGs,Funk-Sipes,$5110.87,2,30-07-2022,04-08-2022,Booked
19SQwt6petSUkYR9T8U8g68qPuhTkJPtFe,Ruecker and Sons,$303.72,1,03-12-2022,10-12-2022,Confirmed
12EVNBedEetEv8ZWsxsW8so7ygsbwGHLrA,Gusikowski LLC,$7276.33,5,26-05-2023,30-05-2023,Cancelled
1E8ckmHb7Xwhb7TtwZ64oRDqgQG7JgWXVA,Kertzmann Inc,$6812.30,2,03-06-2023,06-06-2023,Booked
12wv6vKAhvaooa7etzb4DQGGSuS8LjCinC,Durgan-Tromp,$8251.43,4,23-10-2022,27-10-2022,Booked
1Ptvy3KPwXKoxG2wreps6KFCJrsmfM7PjU,Cremin Group,$5702.40,2,20-12-2022,26-12-2022,Booked
1Fg6WJ5iLRfPyam5FffXvUwHuMmCVpJZBG,Metz and Sons,$1406.57,4,16-11-2022,21-11-2022,Booked
1LsxukY7su2VeMfBrg4BhujFH6Pgyks9Tr,Dickens-Cassin,$8501.47,3,03-04-2023,06-04-2023,Booked
1C3R54xfMBvPWNQh1ygzGfMtmpmMmcGJxx,Lubowitz-Stroman,$572.16,2,09-08-2022,14-08-2022,Booked
1DrJTsL9smh9pb9jBd4wgBkRwzZXA4Am61,Bauch Inc,$5031.27,4,11-11-2022,18-11-2022,Booked
14SLjCWQfsZD6TvhBLkx8RTzWMJXcY972x,"Douglas, Bogan and Moore",$475.78,2,27-01-2023,03-02-2023,Booked
1G9EWE9ZfD7WTVk3L7Sgdboi8qn8Focpqq,Schulist Inc,$8368.66,1,22-04-2023,26-04-2023,Confirmed
135pGkSQe14SXXos7zXxtWy8xXQTPF3cCE,Schulist-Lueilwitz,$3489.65,4,10-03-2023,15-03-2023,Booked
12WovjG3V7FgpT4ss4TpvLYTmr9kibUnjm,Runte-Willms,$896.37,2,22-02-2023,26-02-2023,Booked
1AYjqD5uCue8LXKhi16wssxYKhjYKM95fk,"Ernser, McDermott and Nitzsche",$1014.02,2,28-04-2023,02-05-2023,Booked
16nZuXNiWyWRUB9EVzmiKhWwzTM5UKEPnU,Okuneva-Dooley,$2735.81,4,16-12-2022,23-12-2022,Booked
1GQ2trKrWKCfFEVDpVHCsn8eNspE1fonqn,Wilderman and Sons,$456.23,3,25-11-2022,29-11-2022,Booked
1EPbd8QpT732AsPHyqa3qmtChiimJwnXLN,"Raynor, Pfeffer and Nolan",$2702.79,5,20-01-2023,27-01-2023,Cancelled
15AeDwnPqHa9FPiBHMmzw75PxwqJKT5avh,Klocko LLC,$9175.40,5,16-02-2023,18-02-2023,Cancelled
1LDnN6yf5D1FUCc7UxQu178Z1wxMa9DhhQ,"Bednar, Price and Mann",$6874.45,2,03-07-2022,05-07-2022,Booked
1NSyoqxJbZxak5HE1sXoU5nSEd1LyruhxC,Keeling and Sons,$4035.11,4,02-01-2023,08-01-2023,Booked
18MKkH3WxxAKBffQb43WGHRDetq2zKmTWG,"Kerluke, Ebert and Brakus",$8634.72,2,22-08-2022,25-08-2022,Booked
1PYjsNvEB7hgpHEXupBYNTYuhbohkcbH8E,Nikolaus-McKenzie,$5136.03,4,21-12-2022,25-12-2022,Booked
1Cph4ZAuhgcv2ycBYcdEnKvVoAoQ4fSojx,Ruecker and Sons,$1532.99,5,18-11-2022,22-11-2022,Cancelled
1NKfbkXx34M1gPb8CArEDVW3o9C1bm4kRp,"Marks, O'Conner and Johnson",$5696.24,2,06-12-2022,08-12-2022,Booked
196Gs6LWZw63S6vX3zBj7DJzWTaRFaaq1n,"Hammes, Greenfelder and Simonis",$3436.68,3,03-06-2023,04-06-2023,Booked
1BUontJJgbHyFfgsZEoBbGPAShyJyonTcm,"Herman, Braun and Bernier",$380.77,3,21-11-2022,22-11-2022,Booked
1GkN3tk8iWXFGaE2ZE4k83EkoVzSqaJfas,Bernier Inc,$3575.08,3,09-05-2023,12-05-2023,Booked
1KAvcdmWVE658gFrCCvyATLsNasutrxkmh,Brakus LLC,$9728.31,2,01-01-2023,02-01-2023,Booked
16xJ5kSXRrmk1k22kJZvbqzbbzQntYiLvG,Fay-Leannon,$7141.66,5,20-01-2023,24-01-2023,Cancelled
1AgaFkgepFQfEkjBauiLx4K664feG5HQon,Nolan Inc,$999.50,3,26-05-2023,31-05-2023,Booked
1PTapDNTvgkWSBFwhaFaHWFvmEhpunSvYF,Lowe Group,$1055.67,1,11-01-2023,15-01-2023,Confirmed
12M1Hs8bsCiJPsXcgugjSkKUeJh7FVRZav,Blanda and Sons,$6809.50,3,01-04-2023,08-04-2023,Booked
1NDbdgTQdH15kDxJBcAYAbLb5jfxcNsBSr,"Daugherty, Lesch and Cronin",$4049.74,4,25-10-2022,26-10-2022,Booked
1G77fuMRPyGAkfANYVPpFRLD4NMkUpdPYP,Mertz LLC,$3146.49,4,18-11-2022,21-11-2022,Booked
12aqFbfcSnePkcgkjAk5sxfZtuTiRpZiqU,Blick Group,$6207.93,1,28-12-2022,30-12-2022,Confirmed
1Bw9zS8UUzFvdoqvqEsGHLziDKBNXLEE6g,"Paucek, Hackett and Hoppe",$402.18,4,28-02-2023,06-03-2023,Booked
1AQYAusnjASuti6fvPioqRkNZxsDmusNno,"Walter, Mayert and O'Hara",$5558.37,3,30-07-2022,04-08-2022,Booked
1MJBaMQpqzeUqE4pLYRws6MVv7uy3C5Z3j,White-Bahringer,$4348.10,5,27-11-2022,02-12-2022,Cancelled
17QaDP3dqAoYsx2tVy46ZHMbJQctPhLX8h,"Kerluke, Turner and Becker",$4012.80,5,22-01-2023,23-01-2023,Cancelled
1ArZXEJS5L4vauko1CGVgYgFcK6xVoq8Wp,Walter-Reichert,$366.93,2,05-05-2023,08-05-2023,Booked
12yw1Z4FtK6XxN1KLbFZNajMS63ft8dds8,Hickle Group,$6619.84,1,02-11-2022,06-11-2022,Confirmed
1NiQeugGBc6kPW6RUqrWBkSEgE2ntqisDM,Marvin-Cruickshank,$6447.81,2,03-08-2022,06-08-2022,Booked
1PijWRJjHZFzhCiBFb6JHWkbBmYxyJtoiP,Quigley Group,$5942.11,3,14-07-2022,20-07-2022,Booked
1CG3wMsgjjdjvcjuvHjNtTN2PdKGzPp1HD,Bode LLC,$9300.77,3,09-03-2023,16-03-2023,Booked
1Dg7yQZFzHasu5n2r1kBnZL6BGKAnkKjTa,Mante-Bode,$5743.31,3,20-08-2022,24-08-2022,Booked
1FcS3uqnTULZzmTT2cEe66pYvo5srCKGG5,Gibson Group,$5064.14,2,16-02-2023,21-02-2023,Booked
14iL2YsqsuGGKicRRHknJLWQf4LiURqz58,"Becker, Gleason and Nikolaus",$9448.39,5,27-01-2023,03-02-2023,Cancelled
1MCHsnVqe1CDnB7KbSotPjsW14jfYsXXZP,"Feeney, Weber and Bailey",$5984.48,5,09-01-2023,12-01-2023,Cancelled
12wNzcSiBudnwD8LJB2DXkJkHUaZFGr3Fe,Wolf-Kozey,$2831.29,5,16-11-2022,21-11-2022,Cancelled
1FQPg2qd4RgSf9uXJ5CgcdGTNCVogkG42G,"Keeling, Sanford and Bins",$6042.34,3,26-12-2022,02-01-2023,Booked
1FqMfLeTMJcb931qTUQRMQNouM2cWTcoXq,Leffler LLC,$6955.14,1,20-08-2022,25-08-2022,Confirmed
18bf7MsfsprVxp5QjWVbfiwG9NhM2ywu62,Hoeger and Sons,$5582.36,5,20-09-2022,22-09-2022,Cancelled
18sbP4BqULLhhuUi6TMdnTwZLSoyP8AYCQ,"Heaney, Hills and Dicki",$2102.43,5,22-10-2022,24-10-2022,Cancelled
19XsAs55Zz8DwURMCS3u1Ne5Dkze29H9LQ,Grant-Zemlak,$4997.58,5,01-11-2022,08-11-2022,Cancelled
17k5eCx6JcmcgqQ1JEf6gdkXfCryHZCfGn,Ernser-Armstrong,$227.70,5,16-09-2022,23-09-2022,Cancelled
1EB5udS2FtzqPo4aPpemv3QAbt8AL3Bn1R,Hauck-Zemlak,$3003.42,5,30-06-2022,06-07-2022,Cancelled
1BfK7YXubzqJTFQGEXS9NgpuJApBQ7aMSh,Emard Inc,$2651.33,1,31-12-2022,07-01-2023,Confirmed
1GMhq13iWJXRQ9NVNvAAMQ9KQ438SAbJFY,Beatty Inc,$8316.27,1,27-05-2023,31-05-2023,Confirmed
1KKmQGqNYtsyknCEVPePuk5DuqGEz82iGE,Emard-Cruickshank,$6278.80,2,14-09-2022,17-09-2022,Booked
1NG5gKEAeNwpaBiBsj3WtQBag9ZCCKYm9H,Halvorson Inc,$225.48,3,03-12-2022,09-12-2022,Booked
1D6gD239XG4kkZhbk4tKex22iBTzqGC9BE,Kerluke-Walker,$2056.61,3,11-11-2022,13-11-2022,Booked
1KEPMWVyjnqqzFQDz6chm7YTzXTmE1oPXc,McDermott Group,$5123.21,4,22-07-2022,25-07-2022,Booked
1Jocz7ZsWiuEHxJYHbxsYg8mkdTpwLTkrM,"Abshire, Armstrong and Stark",$6461.16,5,06-06-2023,10-06-2023,Cancelled
1GCVxKHHwik78xb9bPR8LB5cru2K4jSoEJ,Armstrong-Parisian,$1245.97,5,07-12-2022,09-12-2022,Cancelled
1MWSGX6Z5NSGbjUwPeRgmSbq5pkhM7aqDf,"Kozey, Jacobs and Hirthe",$9648.88,1,13-06-2022,17-06-2022,Confirmed
1NynKxaNYK8SBUCnxGHxFhfyAWid1WtWFZ,"Thompson, Langosh and Pouros",$1218.54,1,24-11-2022,28-11-2022,Confirmed
18xAEaRMEknkYinpNp4uusDMDmZhpS6n9w,Grady-Franecki,$4534.93,4,17-08-2022,19-08-2022,Booked
17tEEuYe2ymciz2Cj2Rg9qFLcJfLmSF1gT,Wintheiser-Toy,$6636.89,5,14-03-2023,20-03-2023,Cancelled
1DX9hTd3ZRmLBay1yRidqdj559SpxqF23Z,"Hane, Fritsch and Windler",$7565.48,5,12-09-2022,14-09-2022,Cancelled
1JqkXWDyQudVpdqSgCTVKyEDUoLTjPJ24g,"O'Hara, Kihn and Hilpert",$3726.67,1,17-10-2022,18-10-2022,Confirmed
1H5FDdJrr8tHHm7APUZLEAF614fTaAKbpz,Marquardt Inc,$4887.78,2,07-08-2022,11-08-2022,Booked
17741ZfhA3dzXsFWBTYC2L28eZ59UkaC2L,O'Hara Group,$4794.08,1,13-05-2023,14-05-2023,Confirmed
1AR9UHP8wjHchGhAQDa3LkdikrTyGYpN9,Medhurst-Huel,$7583.31,2,02-10-2022,04-10-2022,Booked
13j2XiToArwBiVnQBDxcmwZHdKQfTapHkj,"Wilkinson, Wolf and Auer",$3192.03,4,15-06-2022,20-06-2022,Booked
1FvfZ4uq9zL2MmGvpJr1tR7aSvUzbAuVts,"Frami, Mraz and Daniel",$5276.03,2,21-03-2023,24-03-2023,Booked
16mpeDohwF1FRGauXFvdYfAQQ3SUAxNXFz,Senger-Marks,$1194.61,4,06-09-2022,10-09-2022,Booked
1C2RPTVLh8N2f46YWokHjw24rEUqNoefhc,Hartmann-Hermiston,$6113.04,4,16-08-2022,20-08-2022,Booked
15zLiqtRAh53TxGrvoEYmHr1u9J9wG9M3p,Bogan-Heaney,$8926.18,3,20-12-2022,25-12-2022,Booked
1AsHq6fUu649PdUBuKxD7zKjPBbvounxWu,Macejkovic Inc,$455.84,2,28-06-2022,29-06-2022,Booked
1AgKr66ta88RiAen1TztBDEVyxxRZwp7RQ,"Barrows, Bins and Padberg",$3093.03,5,15-05-2023,22-05-2023,Cancelled
112xr2epfWuVp5zfF7cpBRPU2Y71aHpLfH,Cruickshank-Stoltenberg,$1982.72,4,08-11-2022,11-11-2022,Booked
1Pv9vXaWKpcBJJ13RFfjJXVbTUmqPFGZJ7,"McLaughlin, O'Keefe and Cartwright",$6962.26,4,20-03-2023,24-03-2023,Booked
14ih6zyfnUTqZk4b5omTMHMrz6s6nRzvN2,Jakubowski Inc,$9898.98,2,11-12-2022,15-12-2022,Booked
1BttakW9WPPUxKkCapJd812Uvtpso49wDE,Altenwerth Group,$5936.20,2,13-12-2022,19-12-2022,Booked
1CXV6KTo7tECG3QQFrCqxg3RNG8nUHPc3C,"Larson, O'Reilly and Conroy",$4178.37,2,02-06-2023,06-06-2023,Booked
1GBEWa6XUzWZZ5RkQVRtThYeJP321Eq1EU,Yost Group,$6017.28,3,25-07-2022,01-08-2022,Booked
17JULKFQjKivDqUivx71h41sbAHgB2YVSL,Schroeder-Mueller,$5848.52,2,09-10-2022,13-10-2022,Booked
1iqv8zLHjjBEMu9dMYwVaDLDuJ45pGQjG,"Prosacco, Marvin and Schultz",$7324.73,1,23-02-2023,28-02-2023,Confirmed
1FKjH7SxoyEKN5LcNHJ7ocyRqdD3YwWBf8,Marvin Inc,$8925.68,3,21-04-2023,22-04-2023,Booked
1C1pLD8gSkDvw8LjYGem8u8ikKKsDk3EZR,Kuhn-Bosco,$8759.41,3,15-09-2022,19-09-2022,Booked
1AJGs5YV2AjCsUvU1Ke5CHWB5CvrVvt7TX,Nienow LLC,$5190.93,3,10-06-2023,15-06-2023,Booked
19ZxN8Z7pGHrhCmHpdD4BdU1TBgj22szd1,Harris and Sons,$4813.82,1,23-11-2022,29-11-2022,Confirmed
1KkF7z6ABBg7vvLUjyZWrQMTHAiwULDMMN,Hudson Inc,$795.54,2,29-07-2022,02-08-2022,Booked
13t1Cdkr4GXReZpzSnWZHxh6KtSVhcaGfu,Murphy Inc,$1357.85,1,29-06-2022,05-07-2022,Confirmed
13A8ga6uLJri35ehWDLmaaqQX5qdzVGTu2,"Kuhic, Casper and Effertz",$4661.30,3,06-02-2023,11-02-2023,Booked
1ACGrTk2vTerWETrLmqzJjxW51iadh7BEm,Kemmer-Stokes,$6448.85,1,14-06-2022,18-06-2022,Confirmed
1PU5j2WQWrNWYfptfr4TnCAa6o6rCmh7uq,Dare and Sons,$6971.73,5,15-08-2022,20-08-2022,Cancelled
15XwoAm4TCGEdVNE9Qs8vV8vyhA8t6iYNn,Herzog Inc,$5632.89,1,06-06-2023,12-06-2023,Confirmed
14kwWQJ72aumzhP4eTZ8uQ8sgAgFGukLjB,Hodkiewicz-Keeling,$4904.74,3,20-10-2022,22-10-2022,Booked
1Fidem9VocJLM9DVvVD24MDZiDc4puGeFT,"Kessler, Swift and Macejkovic",$1544.53,3,15-05-2023,19-05-2023,Booked
19WYheQxL57qrA9MgPWAnEzAH31SVXVLvQ,"Klein, Hills and Mayer",$2247.43,3,08-05-2023,10-05-2023,Booked
1HWcNqYmhZ4Yi4KGXziL2sKTZqJggqeQ2B,"Tillman, Konopelski and Tremblay",$1478.89,4,17-05-2023,23-05-2023,Booked
1MEZQSTudKfzWvJjTrgRFqz9jQJvEk4tSX,Bradtke Inc,$7865.25,5,22-04-2023,23-04-2023,Cancelled
1Kx2S1HmuJvN3rWqd7VgeUeY725ebf9cBN,Crist LLC,$6264.12,4,29-12-2022,03-01-2023,Booked
13d84YLvd4nctYbsTYE8tmD9e5qYiFX4cw,Skiles-Weimann,$4011.38,1,04-09-2022,07-09-2022,Confirmed
1JCa1vZYYu24y2XqfewLsYcd33iP7yi29e,Wisoky and Sons,$3961.24,3,08-01-2023,13-01-2023,Booked
1CS8jEMVGyf89ZDHRajDnWgoLRjj5qs85i,Russel LLC,$8691.61,3,02-11-2022,07-11-2022,Booked
1DByohEAAxkjjkaPNwWsUFcBPNepv7sv3T,Abbott-Morissette,$6273.03,4,22-03-2023,28-03-2023,Booked
